D:\Dokumenty\CBIR\CorelDBCleanInput\art_1\193029.jpg,20,100,InceptionResNetV2,precision,0.009259259259259259,recall,1.0,TP,100,FP,10700,search_time,9.694200799999997,histogram,precision,0.05,recall,0.01,TP,1,FP,19,search_time,5.495366200000001, hist_norm,precision,0.05,recall,0.01,TP,1,FP,19,search_time,5.487830900000002,hist_gray,precision,0.1,recall,0.02,TP,2,FP,18,search_time,5.391247799999999,hist_gray_norm,precision,0.1,recall,0.02,TP,2,FP,18,search_time,5.383537200000003,hist_gray_equal,precision,0.1,recall,0.02,TP,2,FP,18,search_time,5.260264899999996,hist_equal,precision,0.1,recall,0.02,TP,2,FP,18,search_time,5.333787999999998,hist_gray_equal_clahe,precision,0.05,recall,0.01,TP,1,FP,19,search_time,5.363912000000006,hist_equal_clahe,precision,0.05,recall,0.01,TP,1,FP,19,search_time,5.3380658000000025,CCV,precision,0.1,recall,0.02,TP,2,FP,18,search_time,12.819122699999994,CCV_hist,precision,0.1,recall,0.02,TP,2,FP,18,search_time,302.17593309999995
D:\Dokumenty\CBIR\CorelDBCleanInput\art_antiques\435094.jpg,20,100,InceptionResNetV2,precision,0.009259259259259259,recall,1.0,TP,100,FP,10700,search_time,6.6527606999999875,histogram,precision,0.3,recall,0.06,TP,6,FP,14,search_time,5.489310499999988, hist_norm,precision,0.3,recall,0.06,TP,6,FP,14,search_time,5.6310763999999836,hist_gray,precision,0.1,recall,0.02,TP,2,FP,18,search_time,5.460807699999975,hist_gray_norm,precision,0.1,recall,0.02,TP,2,FP,18,search_time,5.471658899999966,hist_gray_equal,precision,0.05,recall,0.01,TP,1,FP,19,search_time,5.451352200000031,hist_equal,precision,0.5,recall,0.1,TP,10,FP,10,search_time,5.511485800000003,hist_gray_equal_clahe,precision,0.1,recall,0.02,TP,2,FP,18,search_time,5.4196369,hist_equal_clahe,precision,0.4,recall,0.08,TP,8,FP,12,search_time,5.506948399999999,CCV,precision,0.2,recall,0.04,TP,4,FP,16,search_time,15.299655700000017,CCV_hist,precision,0.2,recall,0.04,TP,4,FP,16,search_time,316.0968296
D:\Dokumenty\CBIR\CorelDBCleanInput\art_cybr\283088.jpg,20,200,InceptionResNetV2,precision,0.018518518518518517,recall,1.0,TP,200,FP,10600,search_time,8.429451099999937,histogram,precision,0.2,recall,0.02,TP,4,FP,16,search_time,7.517539899999974, hist_norm,precision,0.15,recall,0.015,TP,3,FP,17,search_time,7.271721299999967,hist_gray,precision,0.8,recall,0.08,TP,16,FP,4,search_time,6.819275599999969,hist_gray_norm,precision,0.3,recall,0.03,TP,6,FP,14,search_time,8.386198599999943,hist_gray_equal,precision,0.35,recall,0.035,TP,7,FP,13,search_time,6.695775400000002,hist_equal,precision,0.1,recall,0.02,TP,2,FP,18,search_time,6.953381100000001,hist_gray_equal_clahe,precision,0.05,recall,0.005,TP,1,FP,19,search_time,6.680700200000047,hist_equal_clahe,precision,0.25,recall,0.025,TP,5,FP,15,search_time,6.77783009999996,CCV,precision,0.1,recall,0.01,TP,2,FP,18,search_time,29.00378319999993,CCV_hist,precision,0.1,recall,0.01,TP,2,FP,18,search_time,364.53751539999996
D:\Dokumenty\CBIR\CorelDBCleanInput\art_dino\644066.jpg,20,100,InceptionResNetV2,precision,0.009259259259259259,recall,1.0,TP,100,FP,10700,search_time,9.815749000000096,histogram,precision,0.95,recall,0.19,TP,19,FP,1,search_time,7.0772673999999824, hist_norm,precision,0.95,recall,0.19,TP,19,FP,1,search_time,7.180367300000171,hist_gray,precision,1.0,recall,0.2,TP,20,FP,0,search_time,8.420314399999825,hist_gray_norm,precision,1.0,recall,0.2,TP,20,FP,0,search_time,8.178877000000057,hist_gray_equal,precision,0.65,recall,0.13,TP,13,FP,7,search_time,8.526386800000182,hist_equal,precision,0.1,recall,0.02,TP,2,FP,18,search_time,9.889347599999837,hist_gray_equal_clahe,precision,0.1,recall,0.02,TP,2,FP,18,search_time,8.232715999999982,hist_equal_clahe,precision,0.9,recall,0.18,TP,18,FP,2,search_time,7.893416300000126,CCV,precision,0.65,recall,0.13,TP,13,FP,7,search_time,43.35954109999989,CCV_hist,precision,0.65,recall,0.13,TP,13,FP,7,search_time,429.6329445000001
D:\Dokumenty\CBIR\CorelDBCleanInput\art_mural\554004.jpg,20,100,InceptionResNetV2,precision,0.009259259259259259,recall,1.0,TP,100,FP,10700,search_time,8.523202300000094,histogram,precision,0.3,recall,0.06,TP,6,FP,14,search_time,8.145420999999942, hist_norm,precision,0.3,recall,0.06,TP,6,FP,14,search_time,9.939167300000008,hist_gray,precision,0.1,recall,0.02,TP,2,FP,18,search_time,6.680383699999993,hist_gray_norm,precision,0.1,recall,0.02,TP,2,FP,18,search_time,6.5749686000001475,hist_gray_equal,precision,0.15,recall,0.03,TP,3,FP,17,search_time,6.581476600000087,hist_equal,precision,0.6,recall,0.12,TP,12,FP,8,search_time,8.271301799999947,hist_gray_equal_clahe,precision,0.05,recall,0.0018181818181818182,TP,1,FP,19,search_time,7.13219909999998,hist_equal_clahe,precision,0.05,recall,0.01,TP,1,FP,19,search_time,10.403070099999923,CCV,precision,0.25,recall,0.05,TP,5,FP,15,search_time,13.506247600000052,CCV_hist,precision,0.25,recall,0.05,TP,5,FP,15,search_time,353.4853921000001
D:\Dokumenty\CBIR\CorelDBCleanInput\bld_castle\382077.jpg,20,240,InceptionResNetV2,precision,0.022222222222222223,recall,1.0,TP,240,FP,10560,search_time,9.36374029999979,histogram,precision,0.1,recall,0.008333333333333333,TP,2,FP,18,search_time,6.811533099999906, hist_norm,precision,0.15,recall,0.0125,TP,3,FP,17,search_time,7.027399999999943,hist_gray,precision,0.05,recall,0.004166666666666667,TP,1,FP,19,search_time,8.23100740000018,hist_gray_norm,precision,0.05,recall,0.004166666666666667,TP,1,FP,19,search_time,8.799108599999727,hist_gray_equal,precision,0.1,recall,0.008333333333333333,TP,2,FP,18,search_time,9.880659700000251,hist_equal,precision,0.05,recall,0.01,TP,1,FP,19,search_time,8.40078050000011,hist_gray_equal_clahe,precision,0.25,recall,0.0125,TP,5,FP,15,search_time,7.73418619999984,hist_equal_clahe,precision,0.1,recall,0.008333333333333333,TP,2,FP,18,search_time,7.742728500000339,CCV,precision,0.1,recall,0.008333333333333333,TP,2,FP,18,search_time,18.31282710000005,CCV_hist,precision,0.1,recall,0.008333333333333333,TP,2,FP,18,search_time,348.96587910000017
D:\Dokumenty\CBIR\CorelDBCleanInput\bld_lighthse\387026.jpg,20,100,InceptionResNetV2,precision,0.009259259259259259,recall,1.0,TP,100,FP,10700,search_time,8.507870599999933,histogram,precision,0.15,recall,0.03,TP,3,FP,17,search_time,7.183387699999912, hist_norm,precision,0.1,recall,0.02,TP,2,FP,18,search_time,7.326698999999735,hist_gray,precision,0.05,recall,0.01,TP,1,FP,19,search_time,6.770918199999869,hist_gray_norm,precision,0.05,recall,0.01,TP,1,FP,19,search_time,6.685962100000324,hist_gray_equal,precision,0.05,recall,0.01,TP,1,FP,19,search_time,6.584073100000296,hist_equal,precision,0.15,recall,0.03,TP,3,FP,17,search_time,7.0300498999999945,hist_gray_equal_clahe,precision,0.05,recall,0.01,TP,1,FP,19,search_time,6.585576400000264,hist_equal_clahe,precision,0.05,recall,0.01,TP,1,FP,19,search_time,7.249417500000163,CCV,precision,0.1,recall,0.02,TP,2,FP,18,search_time,17.090420300000005,CCV_hist,precision,0.1,recall,0.02,TP,2,FP,18,search_time,346.01671720000013
D:\Dokumenty\CBIR\CorelDBCleanInput\bld_modern\462044.jpg,20,230,InceptionResNetV2,precision,0.021296296296296296,recall,1.0,TP,230,FP,10570,search_time,8.488715899999988,histogram,precision,0.2,recall,0.017391304347826087,TP,4,FP,16,search_time,6.696488099999897, hist_norm,precision,0.2,recall,0.017391304347826087,TP,4,FP,16,search_time,6.733196700000008,hist_gray,precision,0.05,recall,0.004347826086956522,TP,1,FP,19,search_time,6.663610900000094,hist_gray_norm,precision,0.05,recall,0.004347826086956522,TP,1,FP,19,search_time,6.639610700000048,hist_gray_equal,precision,0.1,recall,0.008695652173913044,TP,2,FP,18,search_time,6.782852000000275,hist_equal,precision,0.1,recall,0.02,TP,2,FP,18,search_time,7.309969400000227,hist_gray_equal_clahe,precision,0.1,recall,0.02,TP,2,FP,18,search_time,6.831145099999958,hist_equal_clahe,precision,0.1,recall,0.008695652173913044,TP,2,FP,18,search_time,7.293883000000278,CCV,precision,0.1,recall,0.008695652173913044,TP,2,FP,18,search_time,15.903018400000292,CCV_hist,precision,0.1,recall,0.008695652173913044,TP,2,FP,18,search_time,345.8864764
D:\Dokumenty\CBIR\CorelDBCleanInput\bld_sculpt\666068.jpg,20,200,InceptionResNetV2,precision,0.018518518518518517,recall,1.0,TP,200,FP,10600,search_time,8.909735700000056,histogram,precision,0.05,recall,0.005,TP,1,FP,19,search_time,6.748081799999909, hist_norm,precision,0.05,recall,0.005,TP,1,FP,19,search_time,6.884556999999859,hist_gray,precision,0.05,recall,0.005,TP,1,FP,19,search_time,6.835574400000041,hist_gray_norm,precision,0.05,recall,0.005,TP,1,FP,19,search_time,6.820710599999984,hist_gray_equal,precision,0.05,recall,0.005,TP,1,FP,19,search_time,6.735113900000215,hist_equal,precision,0.25,recall,0.05,TP,5,FP,15,search_time,7.176292000000103,hist_gray_equal_clahe,precision,0.2,recall,0.03418803418803419,TP,4,FP,16,search_time,6.824492600000212,hist_equal_clahe,precision,0.1,recall,0.01,TP,2,FP,18,search_time,7.200003700000252,CCV,precision,0.1,recall,0.01,TP,2,FP,18,search_time,26.959222599999976,CCV_hist,precision,0.1,recall,0.01,TP,2,FP,18,search_time,355.95372069999985
D:\Dokumenty\CBIR\CorelDBCleanInput\eat_drinks\275092.jpg,20,100,InceptionResNetV2,precision,0.009259259259259259,recall,1.0,TP,100,FP,10700,search_time,8.634738000000198,histogram,precision,0.05,recall,0.01,TP,1,FP,19,search_time,6.710577700000158, hist_norm,precision,0.05,recall,0.01,TP,1,FP,19,search_time,6.714897800000017,hist_gray,precision,0.05,recall,0.01,TP,1,FP,19,search_time,6.757926400000088,hist_gray_norm,precision,0.05,recall,0.01,TP,1,FP,19,search_time,6.687609500000235,hist_gray_equal,precision,0.05,recall,0.01,TP,1,FP,19,search_time,6.631555599999956,hist_equal,precision,0.1,recall,0.005,TP,2,FP,18,search_time,7.031467600000269,hist_gray_equal_clahe,precision,0.05,recall,0.01,TP,1,FP,19,search_time,6.522486700000172,hist_equal_clahe,precision,0.05,recall,0.01,TP,1,FP,19,search_time,7.23279360000015,CCV,precision,0.05,recall,0.01,TP,1,FP,19,search_time,15.742353499999808,CCV_hist,precision,0.05,recall,0.01,TP,1,FP,19,search_time,355.72625789999984
D:\Dokumenty\CBIR\CorelDBCleanInput\eat_feasts\569066.jpg,20,100,InceptionResNetV2,precision,0.009259259259259259,recall,1.0,TP,100,FP,10700,search_time,7.5636357000003045,histogram,precision,0.5,recall,0.1,TP,10,FP,10,search_time,5.935632700000497, hist_norm,precision,0.45,recall,0.09,TP,9,FP,11,search_time,5.925433100000191,hist_gray,precision,0.1,recall,0.02,TP,2,FP,18,search_time,6.0890903999998045,hist_gray_norm,precision,0.1,recall,0.02,TP,2,FP,18,search_time,5.969965900000716,hist_gray_equal,precision,0.05,recall,0.01,TP,1,FP,19,search_time,5.896803800000271,hist_equal,precision,0.05,recall,0.01,TP,1,FP,19,search_time,6.133506399999533,hist_gray_equal_clahe,precision,0.05,recall,0.01,TP,1,FP,19,search_time,5.958747399999993,hist_equal_clahe,precision,0.45,recall,0.09,TP,9,FP,11,search_time,5.924460700000054,CCV,precision,0.25,recall,0.05,TP,5,FP,15,search_time,14.06959259999985,CCV_hist,precision,0.25,recall,0.05,TP,5,FP,15,search_time,331.6866708999996
D:\Dokumenty\CBIR\CorelDBCleanInput\fitness\282073.jpg,20,200,InceptionResNetV2,precision,0.018518518518518517,recall,1.0,TP,200,FP,10600,search_time,7.558750700000019,histogram,precision,0.75,recall,0.075,TP,15,FP,5,search_time,6.02138659999946, hist_norm,precision,0.75,recall,0.075,TP,15,FP,5,search_time,5.969717799999671,hist_gray,precision,1.0,recall,0.1,TP,20,FP,0,search_time,5.992979399999967,hist_gray_norm,precision,1.0,recall,0.1,TP,20,FP,0,search_time,5.9152101999998195,hist_gray_equal,precision,0.65,recall,0.065,TP,13,FP,7,search_time,5.888357599999836,hist_equal,precision,0.65,recall,0.065,TP,13,FP,7,search_time,5.943337100000463,hist_gray_equal_clahe,precision,0.05,recall,0.016666666666666666,TP,1,FP,19,search_time,5.967046199999459,hist_equal_clahe,precision,0.6,recall,0.06,TP,12,FP,8,search_time,5.981343100000231,CCV,precision,0.8,recall,0.08,TP,16,FP,4,search_time,29.544862200000352,CCV_hist,precision,0.8,recall,0.08,TP,16,FP,4,search_time,344.70591779999995
D:\Dokumenty\CBIR\CorelDBCleanInput\obj_234000\234049.jpg,20,100,InceptionResNetV2,precision,0.009259259259259259,recall,1.0,TP,100,FP,10700,search_time,7.572251499999766,histogram,precision,0.15,recall,0.03,TP,3,FP,17,search_time,5.924676099999488, hist_norm,precision,0.15,recall,0.03,TP,3,FP,17,search_time,5.8704247000005125,hist_gray,precision,0.15,recall,0.03,TP,3,FP,17,search_time,5.838867000000391,hist_gray_norm,precision,0.2,recall,0.04,TP,4,FP,16,search_time,5.918598500000371,hist_gray_equal,precision,0.15,recall,0.03,TP,3,FP,17,search_time,5.919434299999921,hist_equal,precision,0.5,recall,0.025,TP,10,FP,10,search_time,5.9424840000001495,hist_gray_equal_clahe,precision,0.05,recall,0.01,TP,1,FP,19,search_time,5.863509800000429,hist_equal_clahe,precision,0.05,recall,0.01,TP,1,FP,19,search_time,6.32433569999921,CCV,precision,0.25,recall,0.05,TP,5,FP,15,search_time,15.401173300000664,CCV_hist,precision,0.25,recall,0.05,TP,5,FP,15,search_time,327.7815854999999
D:\Dokumenty\CBIR\CorelDBCleanInput\obj_aviation\360088.jpg,20,100,InceptionResNetV2,precision,0.009259259259259259,recall,1.0,TP,100,FP,10700,search_time,7.6920839999993404,histogram,precision,0.05,recall,0.01,TP,1,FP,19,search_time,5.961778699999741, hist_norm,precision,0.05,recall,0.01,TP,1,FP,19,search_time,5.882929700000204,hist_gray,precision,0.05,recall,0.01,TP,1,FP,19,search_time,5.86751810000078,hist_gray_norm,precision,0.05,recall,0.01,TP,1,FP,19,search_time,5.90101390000018,hist_gray_equal,precision,0.05,recall,0.01,TP,1,FP,19,search_time,5.8280579000002035,hist_equal,precision,0.1,recall,0.02,TP,2,FP,18,search_time,6.009897500000079,hist_gray_equal_clahe,precision,0.05,recall,0.01,TP,1,FP,19,search_time,5.877805199999784,hist_equal_clahe,precision,0.05,recall,0.01,TP,1,FP,19,search_time,6.230658200000107,CCV,precision,0.1,recall,0.02,TP,2,FP,18,search_time,17.08115480000015,CCV_hist,precision,0.1,recall,0.02,TP,2,FP,18,search_time,320.07364039999993
D:\Dokumenty\CBIR\CorelDBCleanInput\obj_balloon\329093.jpg,20,150,InceptionResNetV2,precision,0.013888888888888888,recall,1.0,TP,150,FP,10650,search_time,6.700808399999914,histogram,precision,0.2,recall,0.02666666666666667,TP,4,FP,16,search_time,5.43116259999988, hist_norm,precision,0.15,recall,0.02,TP,3,FP,17,search_time,5.452748900000188,hist_gray,precision,0.05,recall,0.006666666666666667,TP,1,FP,19,search_time,5.456147800000508,hist_gray_norm,precision,0.05,recall,0.006666666666666667,TP,1,FP,19,search_time,5.510490399999981,hist_gray_equal,precision,0.05,recall,0.006666666666666667,TP,1,FP,19,search_time,5.447802600000614,hist_equal,precision,0.5,recall,0.1,TP,10,FP,10,search_time,5.391059800000221,hist_gray_equal_clahe,precision,0.05,recall,0.01,TP,1,FP,19,search_time,5.356245500000114,hist_equal_clahe,precision,0.2,recall,0.02666666666666667,TP,4,FP,16,search_time,5.413886100000127,CCV,precision,0.15,recall,0.02,TP,3,FP,17,search_time,20.850687000000107,CCV_hist,precision,0.15,recall,0.02,TP,3,FP,17,search_time,313.8360745
D:\Dokumenty\CBIR\CorelDBCleanInput\obj_bob\412035.jpg,20,60,InceptionResNetV2,precision,0.005555555555555556,recall,1.0,TP,60,FP,10740,search_time,7.0404891999996835,histogram,precision,0.05,recall,0.016666666666666666,TP,1,FP,19,search_time,5.579148499999974, hist_norm,precision,0.05,recall,0.016666666666666666,TP,1,FP,19,search_time,5.596130599999924,hist_gray,precision,0.05,recall,0.016666666666666666,TP,1,FP,19,search_time,5.650467800000115,hist_gray_norm,precision,0.15,recall,0.05,TP,3,FP,17,search_time,5.625334500000463,hist_gray_equal,precision,0.05,recall,0.016666666666666666,TP,1,FP,19,search_time,5.48854030000075,hist_equal,precision,0.2,recall,0.04,TP,4,FP,16,search_time,5.4065714999997,hist_gray_equal_clahe,precision,0.15,recall,0.03,TP,3,FP,17,search_time,5.37208660000033,hist_equal_clahe,precision,0.05,recall,0.016666666666666666,TP,1,FP,19,search_time,5.60596760000044,CCV,precision,0.05,recall,0.016666666666666666,TP,1,FP,19,search_time,18.63220629999978,CCV_hist,precision,0.05,recall,0.016666666666666666,TP,1,FP,19,search_time,308.3913861000001
D:\Dokumenty\CBIR\CorelDBCleanInput\obj_bonsai\353069.jpg,20,100,InceptionResNetV2,precision,0.009259259259259259,recall,1.0,TP,100,FP,10700,search_time,7.270532699999421,histogram,precision,0.05,recall,0.01,TP,1,FP,19,search_time,5.450202600000011, hist_norm,precision,0.05,recall,0.01,TP,1,FP,19,search_time,5.427242700000534,hist_gray,precision,0.05,recall,0.01,TP,1,FP,19,search_time,5.444237499999872,hist_gray_norm,precision,0.05,recall,0.01,TP,1,FP,19,search_time,5.408322700000099,hist_gray_equal,precision,0.05,recall,0.01,TP,1,FP,19,search_time,5.580904399999781,hist_equal,precision,0.25,recall,0.05,TP,5,FP,15,search_time,5.485362299999906,hist_gray_equal_clahe,precision,0.05,recall,0.01,TP,1,FP,19,search_time,5.582271100000071,hist_equal_clahe,precision,0.05,recall,0.01,TP,1,FP,19,search_time,5.747879900000044,CCV,precision,0.05,recall,0.01,TP,1,FP,19,search_time,13.359968599999775,CCV_hist,precision,0.05,recall,0.01,TP,1,FP,19,search_time,303.90072469999996
D:\Dokumenty\CBIR\CorelDBCleanInput\obj_bus\581019.jpg,20,100,InceptionResNetV2,precision,0.009259259259259259,recall,1.0,TP,100,FP,10700,search_time,7.068243199999415,histogram,precision,0.05,recall,0.01,TP,1,FP,19,search_time,5.437111399999594, hist_norm,precision,0.05,recall,0.01,TP,1,FP,19,search_time,5.42112890000044,hist_gray,precision,0.1,recall,0.02,TP,2,FP,18,search_time,5.4297004000000015,hist_gray_norm,precision,0.05,recall,0.01,TP,1,FP,19,search_time,5.499444699999913,hist_gray_equal,precision,0.1,recall,0.02,TP,2,FP,18,search_time,5.38259139999991,hist_equal,precision,0.6,recall,0.12,TP,12,FP,8,search_time,5.512058600000273,hist_gray_equal_clahe,precision,0.05,recall,0.01,TP,1,FP,19,search_time,5.430020699999659,hist_equal_clahe,precision,0.05,recall,0.01,TP,1,FP,19,search_time,5.603768500000115,CCV,precision,0.15,recall,0.03,TP,3,FP,17,search_time,13.591481100000237,CCV_hist,precision,0.15,recall,0.03,TP,3,FP,17,search_time,304.57205460000023
D:\Dokumenty\CBIR\CorelDBCleanInput\obj_car\521006.jpg,20,410,InceptionResNetV2,precision,0.04722222222222222,recall,1.2439024390243902,TP,510,FP,10290,search_time,7.188293000000158,histogram,precision,0.1,recall,0.004878048780487805,TP,2,FP,18,search_time,5.412437800000589, hist_norm,precision,0.1,recall,0.004878048780487805,TP,2,FP,18,search_time,5.424098299999969,hist_gray,precision,0.1,recall,0.004878048780487805,TP,2,FP,18,search_time,5.4211685999998735,hist_gray_norm,precision,0.15,recall,0.007317073170731708,TP,3,FP,17,search_time,5.402364499999749,hist_gray_equal,precision,0.1,recall,0.004878048780487805,TP,2,FP,18,search_time,5.50228320000042,hist_equal,precision,0.05,recall,0.006666666666666667,TP,1,FP,19,search_time,5.42489039999964,hist_gray_equal_clahe,precision,0.05,recall,0.01,TP,1,FP,19,search_time,5.398846899999626,hist_equal_clahe,precision,0.15,recall,0.007317073170731708,TP,3,FP,17,search_time,5.545154799999182,CCV,precision,0.15,recall,0.007317073170731708,TP,3,FP,17,search_time,13.695653499999935,CCV_hist,precision,0.15,recall,0.007317073170731708,TP,3,FP,17,search_time,306.71035610000035
D:\Dokumenty\CBIR\CorelDBCleanInput\obj_cards\425049.jpg,20,100,InceptionResNetV2,precision,0.009259259259259259,recall,1.0,TP,100,FP,10700,search_time,7.8582102000000305,histogram,precision,1.0,recall,0.2,TP,20,FP,0,search_time,5.51429459999963, hist_norm,precision,1.0,recall,0.2,TP,20,FP,0,search_time,5.472880199999963,hist_gray,precision,1.0,recall,0.2,TP,20,FP,0,search_time,5.538514500000019,hist_gray_norm,precision,1.0,recall,0.2,TP,20,FP,0,search_time,5.430000800000016,hist_gray_equal,precision,0.25,recall,0.05,TP,5,FP,15,search_time,54.51467430000048,hist_equal,precision,0.05,recall,0.0018181818181818182,TP,1,FP,19,search_time,60.42502880000029,hist_gray_equal_clahe,precision,0.1,recall,0.01904761904761905,TP,2,FP,18,search_time,55.45719950000057,hist_equal_clahe,precision,0.5,recall,0.1,TP,10,FP,10,search_time,56.205008400000224,CCV,precision,0.9,recall,0.18,TP,18,FP,2,search_time,74.57796660000076,CCV_hist,precision,0.9,recall,0.18,TP,18,FP,2,search_time,364.9153012000006
D:\Dokumenty\CBIR\CorelDBCleanInput\obj_decoys\655086.jpg,20,100,InceptionResNetV2,precision,0.009259259259259259,recall,1.0,TP,100,FP,10700,search_time,69.29593559999921,histogram,precision,0.3,recall,0.06,TP,6,FP,14,search_time,5.350078800000119, hist_norm,precision,0.3,recall,0.06,TP,6,FP,14,search_time,52.71576279999863,hist_gray,precision,0.1,recall,0.02,TP,2,FP,18,search_time,51.54570930000045,hist_gray_norm,precision,0.05,recall,0.01,TP,1,FP,19,search_time,50.85883719999947,hist_gray_equal,precision,0.05,recall,0.01,TP,1,FP,19,search_time,5.2537812999999005,hist_equal,precision,0.4,recall,0.08,TP,8,FP,12,search_time,5.462913900000785,hist_gray_equal_clahe,precision,0.05,recall,0.006666666666666667,TP,1,FP,19,search_time,5.33114039999964,hist_equal_clahe,precision,0.7,recall,0.14,TP,14,FP,6,search_time,5.622427700000117,CCV,precision,0.45,recall,0.09,TP,9,FP,11,search_time,19.492450899999312,CCV_hist,precision,0.45,recall,0.09,TP,9,FP,11,search_time,294.4324371999992
D:\Dokumenty\CBIR\CorelDBCleanInput\obj_dish\433018.jpg,20,100,InceptionResNetV2,precision,0.009259259259259259,recall,1.0,TP,100,FP,10700,search_time,6.599595400000908,histogram,precision,0.1,recall,0.02,TP,2,FP,18,search_time,5.318938399999752, hist_norm,precision,0.1,recall,0.02,TP,2,FP,18,search_time,5.288861000000907,hist_gray,precision,0.05,recall,0.01,TP,1,FP,19,search_time,5.283029599999281,hist_gray_norm,precision,0.05,recall,0.01,TP,1,FP,19,search_time,5.245256599999266,hist_gray_equal,precision,0.05,recall,0.01,TP,1,FP,19,search_time,5.317422699999952,hist_equal,precision,0.2,recall,0.04,TP,4,FP,16,search_time,5.365011500000037,hist_gray_equal_clahe,precision,0.05,recall,0.01,TP,1,FP,19,search_time,5.286235900000975,hist_equal_clahe,precision,0.15,recall,0.03,TP,3,FP,17,search_time,5.191668200001004,CCV,precision,0.15,recall,0.03,TP,3,FP,17,search_time,14.869250899999315,CCV_hist,precision,0.15,recall,0.03,TP,3,FP,17,search_time,290.8312956999998
D:\Dokumenty\CBIR\CorelDBCleanInput\obj_doll\443018.jpg,20,100,InceptionResNetV2,precision,0.009259259259259259,recall,1.0,TP,100,FP,10700,search_time,6.692468799999915,histogram,precision,0.15,recall,0.03,TP,3,FP,17,search_time,5.334469600000375, hist_norm,precision,0.15,recall,0.03,TP,3,FP,17,search_time,5.306237900000269,hist_gray,precision,0.1,recall,0.02,TP,2,FP,18,search_time,5.31016979999913,hist_gray_norm,precision,0.2,recall,0.04,TP,4,FP,16,search_time,5.316834799999924,hist_gray_equal,precision,0.05,recall,0.01,TP,1,FP,19,search_time,5.329796800000622,hist_equal,precision,0.1,recall,0.02,TP,2,FP,18,search_time,5.49662250000074,hist_gray_equal_clahe,precision,0.05,recall,0.01,TP,1,FP,19,search_time,5.259940900001311,hist_equal_clahe,precision,0.5,recall,0.1,TP,10,FP,10,search_time,5.5610053000000335,CCV,precision,0.3,recall,0.06,TP,6,FP,14,search_time,17.814101500000106,CCV_hist,precision,0.3,recall,0.06,TP,6,FP,14,search_time,292.159495599999
D:\Dokumenty\CBIR\CorelDBCleanInput\obj_door\549035.jpg,20,200,InceptionResNetV2,precision,0.018518518518518517,recall,1.0,TP,200,FP,10600,search_time,6.538181000001714,histogram,precision,0.3,recall,0.03,TP,6,FP,14,search_time,5.556101500000295, hist_norm,precision,0.3,recall,0.03,TP,6,FP,14,search_time,5.209149000000252,hist_gray,precision,0.2,recall,0.02,TP,4,FP,16,search_time,5.260320800000045,hist_gray_norm,precision,0.2,recall,0.02,TP,4,FP,16,search_time,5.205551699998978,hist_gray_equal,precision,0.15,recall,0.015,TP,3,FP,17,search_time,5.254069399999935,hist_equal,precision,0.75,recall,0.15,TP,15,FP,5,search_time,5.4316927999989275,hist_gray_equal_clahe,precision,0.05,recall,0.006666666666666667,TP,1,FP,19,search_time,5.263247900000351,hist_equal_clahe,precision,0.45,recall,0.045,TP,9,FP,11,search_time,5.6355500999998185,CCV,precision,0.45,recall,0.045,TP,9,FP,11,search_time,14.887898400000267,CCV_hist,precision,0.45,recall,0.045,TP,9,FP,11,search_time,289.3811612999998
D:\Dokumenty\CBIR\CorelDBCleanInput\obj_eastregg\618028.jpg,20,100,InceptionResNetV2,precision,0.009259259259259259,recall,1.0,TP,100,FP,10700,search_time,6.716699200000221,histogram,precision,0.85,recall,0.17,TP,17,FP,3,search_time,5.513841800000591, hist_norm,precision,0.85,recall,0.17,TP,17,FP,3,search_time,5.481958399999712,hist_gray,precision,0.8,recall,0.16,TP,16,FP,4,search_time,5.496910399999251,hist_gray_norm,precision,0.9,recall,0.18,TP,18,FP,2,search_time,5.535113200001433,hist_gray_equal,precision,0.05,recall,0.01,TP,1,FP,19,search_time,5.279912300000433,hist_equal,precision,0.6,recall,0.12,TP,12,FP,8,search_time,5.3794455000006565,hist_gray_equal_clahe,precision,0.05,recall,0.01,TP,1,FP,19,search_time,5.311292400001548,hist_equal_clahe,precision,1.0,recall,0.2,TP,20,FP,0,search_time,5.644273899999462,CCV,precision,0.85,recall,0.17,TP,17,FP,3,search_time,15.422812900000281,CCV_hist,precision,0.85,recall,0.17,TP,17,FP,3,search_time,289.2494078
D:\Dokumenty\CBIR\CorelDBCleanInput\obj_flags\461062.jpg,20,100,InceptionResNetV2,precision,0.009259259259259259,recall,1.0,TP,100,FP,10700,search_time,6.864752199999202,histogram,precision,0.1,recall,0.02,TP,2,FP,18,search_time,5.373899799998981, hist_norm,precision,0.1,recall,0.02,TP,2,FP,18,search_time,5.29652680000072,hist_gray,precision,0.05,recall,0.01,TP,1,FP,19,search_time,5.284185399999842,hist_gray_norm,precision,0.05,recall,0.01,TP,1,FP,19,search_time,5.281776400001036,hist_gray_equal,precision,0.05,recall,0.01,TP,1,FP,19,search_time,5.51376639999944,hist_equal,precision,0.1,recall,0.02,TP,2,FP,18,search_time,5.569136199999775,hist_gray_equal_clahe,precision,0.05,recall,0.01,TP,1,FP,19,search_time,5.52459110000018,hist_equal_clahe,precision,0.5,recall,0.1,TP,10,FP,10,search_time,5.509335599999758,CCV,precision,0.65,recall,0.13,TP,13,FP,7,search_time,14.54041270000016,CCV_hist,precision,0.65,recall,0.13,TP,13,FP,7,search_time,289.16557099999955
D:\Dokumenty\CBIR\CorelDBCleanInput\obj_mask\550011.jpg,20,100,InceptionResNetV2,precision,0.009259259259259259,recall,1.0,TP,100,FP,10700,search_time,6.795183700000052,histogram,precision,0.65,recall,0.13,TP,13,FP,7,search_time,5.383614000000307, hist_norm,precision,0.7,recall,0.14,TP,14,FP,6,search_time,5.322298799999771,hist_gray,precision,0.1,recall,0.02,TP,2,FP,18,search_time,5.287630799999533,hist_gray_norm,precision,0.1,recall,0.02,TP,2,FP,18,search_time,5.3353284999993775,hist_gray_equal,precision,0.05,recall,0.01,TP,1,FP,19,search_time,5.26031839999996,hist_equal,precision,0.05,recall,0.01,TP,1,FP,19,search_time,5.30003570000008,hist_gray_equal_clahe,precision,0.05,recall,0.01,TP,1,FP,19,search_time,5.278890100000353,hist_equal_clahe,precision,0.65,recall,0.13,TP,13,FP,7,search_time,5.523441299999831,CCV,precision,0.2,recall,0.04,TP,4,FP,16,search_time,14.786597299998903,CCV_hist,precision,0.2,recall,0.04,TP,4,FP,16,search_time,289.5922193999995
D:\Dokumenty\CBIR\CorelDBCleanInput\obj_mineral\409073.jpg,20,100,InceptionResNetV2,precision,0.009259259259259259,recall,1.0,TP,100,FP,10700,search_time,6.877986800000144,histogram,precision,0.9,recall,0.18,TP,18,FP,2,search_time,5.428669799999625, hist_norm,precision,0.9,recall,0.18,TP,18,FP,2,search_time,5.350942000000941,hist_gray,precision,0.95,recall,0.19,TP,19,FP,1,search_time,5.334376200000406,hist_gray_norm,precision,0.8,recall,0.16,TP,16,FP,4,search_time,5.323938300000009,hist_gray_equal,precision,0.5,recall,0.1,TP,10,FP,10,search_time,5.328041400000075,hist_equal,precision,0.05,recall,0.009523809523809525,TP,1,FP,19,search_time,5.335437399999137,hist_gray_equal_clahe,precision,0.15,recall,0.03,TP,3,FP,17,search_time,5.300654999999097,hist_equal_clahe,precision,0.65,recall,0.13,TP,13,FP,7,search_time,5.58069549999891,CCV,precision,0.1,recall,0.02,TP,2,FP,18,search_time,18.375971299999946,CCV_hist,precision,0.1,recall,0.02,TP,2,FP,18,search_time,294.6341312000004
D:\Dokumenty\CBIR\CorelDBCleanInput\obj_moleculr\533073.jpg,20,100,InceptionResNetV2,precision,0.009259259259259259,recall,1.0,TP,100,FP,10700,search_time,7.057373399999051,histogram,precision,0.1,recall,0.02,TP,2,FP,18,search_time,5.3883600999997725, hist_norm,precision,0.1,recall,0.02,TP,2,FP,18,search_time,5.283171799999764,hist_gray,precision,0.05,recall,0.01,TP,1,FP,19,search_time,5.349922100000185,hist_gray_norm,precision,0.05,recall,0.01,TP,1,FP,19,search_time,5.27602879999904,hist_gray_equal,precision,0.05,recall,0.01,TP,1,FP,19,search_time,5.424438799998825,hist_equal,precision,0.2,recall,0.02,TP,4,FP,16,search_time,5.410140399999364,hist_gray_equal_clahe,precision,0.1,recall,0.02,TP,2,FP,18,search_time,5.280897599999662,hist_equal_clahe,precision,0.05,recall,0.01,TP,1,FP,19,search_time,5.781024500000058,CCV,precision,0.1,recall,0.02,TP,2,FP,18,search_time,14.955096200001208,CCV_hist,precision,0.1,recall,0.02,TP,2,FP,18,search_time,290.80173250000007
D:\Dokumenty\CBIR\CorelDBCleanInput\obj_orbits\617049.jpg,20,100,InceptionResNetV2,precision,0.009259259259259259,recall,1.0,TP,100,FP,10700,search_time,6.941647499999817,histogram,precision,0.05,recall,0.01,TP,1,FP,19,search_time,5.345393100000365, hist_norm,precision,0.05,recall,0.01,TP,1,FP,19,search_time,5.308372299999974,hist_gray,precision,0.05,recall,0.01,TP,1,FP,19,search_time,5.304693900001439,hist_gray_norm,precision,0.05,recall,0.01,TP,1,FP,19,search_time,5.312578699998994,hist_gray_equal,precision,0.1,recall,0.02,TP,2,FP,18,search_time,5.321265200000198,hist_equal,precision,0.1,recall,0.02,TP,2,FP,18,search_time,5.353564900000492,hist_gray_equal_clahe,precision,0.2,recall,0.01,TP,4,FP,16,search_time,5.308720799999719,hist_equal_clahe,precision,0.1,recall,0.02,TP,2,FP,18,search_time,5.556159899999329,CCV,precision,0.05,recall,0.01,TP,1,FP,19,search_time,11.67693859999963,CCV_hist,precision,0.05,recall,0.01,TP,1,FP,19,search_time,287.52346899999975
D:\Dokumenty\CBIR\CorelDBCleanInput\obj_ship\535021.jpg,20,100,InceptionResNetV2,precision,0.009259259259259259,recall,1.0,TP,100,FP,10700,search_time,6.957736799999111,histogram,precision,0.2,recall,0.04,TP,4,FP,16,search_time,5.3328256999993755, hist_norm,precision,0.2,recall,0.04,TP,4,FP,16,search_time,5.300398400000631,hist_gray,precision,0.05,recall,0.01,TP,1,FP,19,search_time,5.3016600999999355,hist_gray_norm,precision,0.05,recall,0.01,TP,1,FP,19,search_time,5.288373399998818,hist_gray_equal,precision,0.05,recall,0.01,TP,1,FP,19,search_time,5.280377099999896,hist_equal,precision,0.25,recall,0.05,TP,5,FP,15,search_time,5.375414299998738,hist_gray_equal_clahe,precision,0.05,recall,0.01,TP,1,FP,19,search_time,5.252742700000454,hist_equal_clahe,precision,0.3,recall,0.06,TP,6,FP,14,search_time,5.662824600000022,CCV,precision,0.4,recall,0.08,TP,8,FP,12,search_time,14.832468200000221,CCV_hist,precision,0.4,recall,0.08,TP,8,FP,12,search_time,290.33362040000065
D:\Dokumenty\CBIR\CorelDBCleanInput\obj_steameng\468068.jpg,20,100,InceptionResNetV2,precision,0.009259259259259259,recall,1.0,TP,100,FP,10700,search_time,7.839608899999803,histogram,precision,0.55,recall,0.11,TP,11,FP,9,search_time,5.394103099999484, hist_norm,precision,0.45,recall,0.09,TP,9,FP,11,search_time,5.235611599999174,hist_gray,precision,0.35,recall,0.07,TP,7,FP,13,search_time,5.354740900000252,hist_gray_norm,precision,0.35,recall,0.07,TP,7,FP,13,search_time,5.2884405000004335,hist_gray_equal,precision,0.05,recall,0.01,TP,1,FP,19,search_time,5.3721575999989,hist_equal,precision,0.15,recall,0.03,TP,3,FP,17,search_time,5.332451000000219,hist_gray_equal_clahe,precision,0.05,recall,0.01,TP,1,FP,19,search_time,5.320744799999375,hist_equal_clahe,precision,0.25,recall,0.05,TP,5,FP,15,search_time,5.6447071000002325,CCV,precision,0.4,recall,0.08,TP,8,FP,12,search_time,12.034971099999893,CCV_hist,precision,0.4,recall,0.08,TP,8,FP,12,search_time,287.7798627000011
D:\Dokumenty\CBIR\CorelDBCleanInput\obj_train\499035.jpg,20,300,InceptionResNetV2,precision,0.027777777777777776,recall,1.0,TP,300,FP,10500,search_time,6.8921089000014035,histogram,precision,0.35,recall,0.023333333333333334,TP,7,FP,13,search_time,5.397240799999054, hist_norm,precision,0.35,recall,0.023333333333333334,TP,7,FP,13,search_time,5.380958199999441,hist_gray,precision,0.2,recall,0.013333333333333334,TP,4,FP,16,search_time,5.321641500000624,hist_gray_norm,precision,0.2,recall,0.013333333333333334,TP,4,FP,16,search_time,5.30495350000092,hist_gray_equal,precision,0.05,recall,0.0033333333333333335,TP,1,FP,19,search_time,5.287838800000827,hist_equal,precision,0.05,recall,0.01,TP,1,FP,19,search_time,5.3364684999996825,hist_gray_equal_clahe,precision,0.05,recall,0.01,TP,1,FP,19,search_time,5.339940300000308,hist_equal_clahe,precision,0.3,recall,0.02,TP,6,FP,14,search_time,5.988154499998927,CCV,precision,0.45,recall,0.03,TP,9,FP,11,search_time,12.342555900000661,CCV_hist,precision,0.45,recall,0.03,TP,9,FP,11,search_time,286.0726986000009
D:\Dokumenty\CBIR\CorelDBCleanInput\pet_cat\458082.jpg,20,100,InceptionResNetV2,precision,0.009259259259259259,recall,1.0,TP,100,FP,10700,search_time,7.219062300000587,histogram,precision,0.1,recall,0.02,TP,2,FP,18,search_time,5.372751500000959, hist_norm,precision,0.15,recall,0.03,TP,3,FP,17,search_time,5.266694300000381,hist_gray,precision,0.15,recall,0.03,TP,3,FP,17,search_time,5.329856000000291,hist_gray_norm,precision,0.1,recall,0.02,TP,2,FP,18,search_time,5.295228200000565,hist_gray_equal,precision,0.1,recall,0.02,TP,2,FP,18,search_time,5.299905800000488,hist_equal,precision,0.05,recall,0.01,TP,1,FP,19,search_time,5.384050200000274,hist_gray_equal_clahe,precision,0.05,recall,0.008547008547008548,TP,1,FP,19,search_time,5.3261110999992525,hist_equal_clahe,precision,0.15,recall,0.03,TP,3,FP,17,search_time,5.589878599999793,CCV,precision,0.1,recall,0.02,TP,2,FP,18,search_time,14.619967999999062,CCV_hist,precision,0.1,recall,0.02,TP,2,FP,18,search_time,291.21921440000006
D:\Dokumenty\CBIR\CorelDBCleanInput\pet_dog\247006.jpg,20,300,InceptionResNetV2,precision,0.027777777777777776,recall,1.0,TP,300,FP,10500,search_time,6.631790400000682,histogram,precision,0.2,recall,0.013333333333333334,TP,4,FP,16,search_time,5.380660400000124, hist_norm,precision,0.2,recall,0.013333333333333334,TP,4,FP,16,search_time,5.338427999999112,hist_gray,precision,0.25,recall,0.016666666666666666,TP,5,FP,15,search_time,5.317023499999777,hist_gray_norm,precision,0.3,recall,0.02,TP,6,FP,14,search_time,5.257828100000552,hist_gray_equal,precision,0.05,recall,0.0033333333333333335,TP,1,FP,19,search_time,5.404981300000145,hist_equal,precision,0.2,recall,0.04,TP,4,FP,16,search_time,5.36357450000105,hist_gray_equal_clahe,precision,0.05,recall,0.01,TP,1,FP,19,search_time,5.2981252999998105,hist_equal_clahe,precision,0.15,recall,0.01,TP,3,FP,17,search_time,5.7966639999995095,CCV,precision,0.1,recall,0.006666666666666667,TP,2,FP,18,search_time,12.83705480000026,CCV_hist,precision,0.1,recall,0.006666666666666667,TP,2,FP,18,search_time,288.388613000001
D:\Dokumenty\CBIR\CorelDBCleanInput\pl_flower\124063.jpg,20,400,InceptionResNetV2,precision,0.037037037037037035,recall,1.0,TP,400,FP,10400,search_time,6.868646300001274,histogram,precision,0.55,recall,0.0275,TP,11,FP,9,search_time,5.442707899999732, hist_norm,precision,0.5,recall,0.025,TP,10,FP,10,search_time,5.441701699999612,hist_gray,precision,0.2,recall,0.01,TP,4,FP,16,search_time,5.522464499999842,hist_gray_norm,precision,0.05,recall,0.0025,TP,1,FP,19,search_time,5.546549999999115,hist_gray_equal,precision,0.1,recall,0.005,TP,2,FP,18,search_time,5.258300199999212,hist_equal,precision,0.3,recall,0.015,TP,6,FP,14,search_time,5.33807010000055,hist_gray_equal_clahe,precision,0.15,recall,0.0075,TP,3,FP,17,search_time,5.2867088000002695,hist_equal_clahe,precision,0.6,recall,0.03,TP,12,FP,8,search_time,5.314106899999388,CCV,precision,0.8,recall,0.04,TP,16,FP,4,search_time,11.412953900000502,CCV_hist,precision,0.8,recall,0.04,TP,16,FP,4,search_time,285.9634599000001
D:\Dokumenty\CBIR\CorelDBCleanInput\pl_foliage\318040.jpg,20,100,InceptionResNetV2,precision,0.009259259259259259,recall,1.0,TP,100,FP,10700,search_time,6.941136400000687,histogram,precision,0.3,recall,0.06,TP,6,FP,14,search_time,5.37860929999988, hist_norm,precision,0.15,recall,0.03,TP,3,FP,17,search_time,5.336364900000262,hist_gray,precision,0.3,recall,0.06,TP,6,FP,14,search_time,5.313123899999482,hist_gray_norm,precision,0.25,recall,0.05,TP,5,FP,15,search_time,5.264026200000444,hist_gray_equal,precision,0.05,recall,0.01,TP,1,FP,19,search_time,5.490196200000355,hist_equal,precision,0.05,recall,0.008771929824561403,TP,1,FP,19,search_time,5.5275887999996485,hist_gray_equal_clahe,precision,0.1,recall,0.02,TP,2,FP,18,search_time,5.5063255999994,hist_equal_clahe,precision,0.05,recall,0.01,TP,1,FP,19,search_time,5.697878500001025,CCV,precision,0.05,recall,0.01,TP,1,FP,19,search_time,14.745812999999544,CCV_hist,precision,0.05,recall,0.01,TP,1,FP,19,search_time,292.07444060000125
D:\Dokumenty\CBIR\CorelDBCleanInput\pl_mashroom\208031.jpg,20,100,InceptionResNetV2,precision,0.009259259259259259,recall,1.0,TP,100,FP,10700,search_time,7.075345200000811,histogram,precision,0.1,recall,0.02,TP,2,FP,18,search_time,5.371699499999522, hist_norm,precision,0.1,recall,0.02,TP,2,FP,18,search_time,5.350082400000247,hist_gray,precision,0.1,recall,0.02,TP,2,FP,18,search_time,5.336351599999034,hist_gray_norm,precision,0.05,recall,0.01,TP,1,FP,19,search_time,5.320816499999637,hist_gray_equal,precision,0.1,recall,0.02,TP,2,FP,18,search_time,5.310748899999453,hist_equal,precision,0.05,recall,0.01,TP,1,FP,19,search_time,5.337623100000201,hist_gray_equal_clahe,precision,0.15,recall,0.02564102564102564,TP,3,FP,17,search_time,5.4052073000002565,hist_equal_clahe,precision,0.15,recall,0.03,TP,3,FP,17,search_time,5.75714379999954,CCV,precision,0.15,recall,0.03,TP,3,FP,17,search_time,14.696234699998968,CCV_hist,precision,0.15,recall,0.03,TP,3,FP,17,search_time,289.93249079999987
D:\Dokumenty\CBIR\CorelDBCleanInput\sc_\218089.jpg,20,100,InceptionResNetV2,precision,0.1675925925925926,recall,18.1,TP,1810,FP,8990,search_time,6.731557799999791,histogram,precision,0.4,recall,0.08,TP,8,FP,12,search_time,5.396748600000137, hist_norm,precision,0.4,recall,0.08,TP,8,FP,12,search_time,5.360545600000478,hist_gray,precision,0.3,recall,0.06,TP,6,FP,14,search_time,5.304279899999528,hist_gray_norm,precision,0.45,recall,0.09,TP,9,FP,11,search_time,5.352236599999742,hist_gray_equal,precision,0.3,recall,0.06,TP,6,FP,14,search_time,5.277930499998547,hist_equal,precision,0.1,recall,0.02,TP,2,FP,18,search_time,5.480826400000296,hist_gray_equal_clahe,precision,0.15,recall,0.03,TP,3,FP,17,search_time,5.346392200000992,hist_equal_clahe,precision,0.2,recall,0.04,TP,4,FP,16,search_time,5.665143599999283,CCV,precision,0.55,recall,0.11,TP,11,FP,9,search_time,16.793815999999424,CCV_hist,precision,0.55,recall,0.11,TP,11,FP,9,search_time,291.2405061999998
D:\Dokumenty\CBIR\CorelDBCleanInput\sc_autumn\150002.jpg,20,103,InceptionResNetV2,precision,0.009537037037037037,recall,1.0,TP,103,FP,10697,search_time,7.009817000000112,histogram,precision,0.3,recall,0.05825242718446602,TP,6,FP,14,search_time,5.403784199999791, hist_norm,precision,0.3,recall,0.05825242718446602,TP,6,FP,14,search_time,5.319757799999934,hist_gray,precision,0.05,recall,0.009708737864077669,TP,1,FP,19,search_time,5.350349199999982,hist_gray_norm,precision,0.05,recall,0.009708737864077669,TP,1,FP,19,search_time,5.473716799999238,hist_gray_equal,precision,0.05,recall,0.009708737864077669,TP,1,FP,19,search_time,6.412092399999892,hist_equal,precision,0.15,recall,0.03,TP,3,FP,17,search_time,5.668315799999618,hist_gray_equal_clahe,precision,0.15,recall,0.02564102564102564,TP,3,FP,17,search_time,5.735897500000647,hist_equal_clahe,precision,0.05,recall,0.009708737864077669,TP,1,FP,19,search_time,6.8282159000009415,CCV,precision,0.1,recall,0.019417475728155338,TP,2,FP,18,search_time,18.655015399999684,CCV_hist,precision,0.1,recall,0.019417475728155338,TP,2,FP,18,search_time,331.3779725000004
D:\Dokumenty\CBIR\CorelDBCleanInput\sc_cloud\191037.jpg,20,114,InceptionResNetV2,precision,0.010555555555555556,recall,1.0,TP,114,FP,10686,search_time,6.635389999999461,histogram,precision,0.1,recall,0.017543859649122806,TP,2,FP,18,search_time,5.4171798000006675, hist_norm,precision,0.1,recall,0.017543859649122806,TP,2,FP,18,search_time,5.352399999999761,hist_gray,precision,0.05,recall,0.008771929824561403,TP,1,FP,19,search_time,5.41067909999947,hist_gray_norm,precision,0.05,recall,0.008771929824561403,TP,1,FP,19,search_time,5.314134699998249,hist_gray_equal,precision,0.2,recall,0.03508771929824561,TP,4,FP,16,search_time,5.351410699999178,hist_equal,precision,0.3,recall,0.06,TP,6,FP,14,search_time,5.3721683000003395,hist_gray_equal_clahe,precision,0.05,recall,0.01,TP,1,FP,19,search_time,5.330282199998692,hist_equal_clahe,precision,0.45,recall,0.07894736842105263,TP,9,FP,11,search_time,5.331839799999216,CCV,precision,0.15,recall,0.02631578947368421,TP,3,FP,17,search_time,14.876672599999438,CCV_hist,precision,0.15,recall,0.02631578947368421,TP,3,FP,17,search_time,290.278063400001
D:\Dokumenty\CBIR\CorelDBCleanInput\sc_firewrk\303035.jpg,20,201,InceptionResNetV2,precision,0.01861111111111111,recall,1.0,TP,201,FP,10599,search_time,7.108138300000064,histogram,precision,0.25,recall,0.024875621890547265,TP,5,FP,15,search_time,5.406699399998615, hist_norm,precision,0.25,recall,0.024875621890547265,TP,5,FP,15,search_time,5.343846800000392,hist_gray,precision,0.05,recall,0.004975124378109453,TP,1,FP,19,search_time,5.382656599998882,hist_gray_norm,precision,0.05,recall,0.004975124378109453,TP,1,FP,19,search_time,5.307283599999209,hist_gray_equal,precision,0.05,recall,0.004975124378109453,TP,1,FP,19,search_time,5.283478999999716,hist_equal,precision,0.6,recall,0.03,TP,12,FP,8,search_time,5.356220700001359,hist_gray_equal_clahe,precision,0.1,recall,0.005,TP,2,FP,18,search_time,5.328694399999222,hist_equal_clahe,precision,0.15,recall,0.014925373134328358,TP,3,FP,17,search_time,5.610338200000115,CCV,precision,0.55,recall,0.05472636815920398,TP,11,FP,9,search_time,14.898353200000201,CCV_hist,precision,0.55,recall,0.05472636815920398,TP,11,FP,9,search_time,290.0897466999995
D:\Dokumenty\CBIR\CorelDBCleanInput\sc_forests\482001.jpg,20,100,InceptionResNetV2,precision,0.009259259259259259,recall,1.0,TP,100,FP,10700,search_time,6.972179000000324,histogram,precision,0.1,recall,0.02,TP,2,FP,18,search_time,5.3077862999998615, hist_norm,precision,0.1,recall,0.02,TP,2,FP,18,search_time,5.350274100001116,hist_gray,precision,0.1,recall,0.02,TP,2,FP,18,search_time,5.326990699999442,hist_gray_norm,precision,0.05,recall,0.01,TP,1,FP,19,search_time,5.399987000000692,hist_gray_equal,precision,0.05,recall,0.01,TP,1,FP,19,search_time,10804.401948300001,hist_equal,precision,0.15,recall,0.03,TP,3,FP,17,search_time,5.45920820000174,hist_gray_equal_clahe,precision,0.15,recall,0.0075,TP,3,FP,17,search_time,9.45056349999868,hist_equal_clahe,precision,0.05,recall,0.01,TP,1,FP,19,search_time,6.835687299997517,CCV,precision,0.2,recall,0.04,TP,4,FP,16,search_time,9198.625547299998,CCV_hist,precision,0.2,recall,0.04,TP,4,FP,16,search_time,364.6914323000019
D:\Dokumenty\CBIR\CorelDBCleanInput\sc_iceburg\184006.jpg,20,100,InceptionResNetV2,precision,0.009259259259259259,recall,1.0,TP,100,FP,10700,search_time,82.78637660000095,histogram,precision,0.15,recall,0.03,TP,3,FP,17,search_time,5.5302742999992915, hist_norm,precision,0.2,recall,0.04,TP,4,FP,16,search_time,54.25995810000313,hist_gray,precision,0.05,recall,0.01,TP,1,FP,19,search_time,52.3979715999958,hist_gray_norm,precision,0.05,recall,0.01,TP,1,FP,19,search_time,52.92107690000557,hist_gray_equal,precision,0.05,recall,0.01,TP,1,FP,19,search_time,44.133211200001824,hist_equal,precision,0.05,recall,0.0025,TP,1,FP,19,search_time,55.01442710000265,hist_gray_equal_clahe,precision,0.05,recall,0.01,TP,1,FP,19,search_time,13.04254260000016,hist_equal_clahe,precision,0.15,recall,0.03,TP,3,FP,17,search_time,54.22304840000288,CCV,precision,0.15,recall,0.03,TP,3,FP,17,search_time,14.56151200000022,CCV_hist,precision,0.15,recall,0.03,TP,3,FP,17,search_time,292.09304220000195
D:\Dokumenty\CBIR\CorelDBCleanInput\sc_indoor\364088.jpg,20,200,InceptionResNetV2,precision,0.018518518518518517,recall,1.0,TP,200,FP,10600,search_time,7.2189501999964705,histogram,precision,0.5,recall,0.05,TP,10,FP,10,search_time,5.421943600005761, hist_norm,precision,0.55,recall,0.055,TP,11,FP,9,search_time,5.282607000001008,hist_gray,precision,0.15,recall,0.015,TP,3,FP,17,search_time,5.336178300000029,hist_gray_norm,precision,0.15,recall,0.015,TP,3,FP,17,search_time,5.334750499998336,hist_gray_equal,precision,0.1,recall,0.01,TP,2,FP,18,search_time,7.665498400005163,hist_equal,precision,0.1,recall,0.005,TP,2,FP,18,search_time,7.2285808000015095,hist_gray_equal_clahe,precision,0.05,recall,0.0025,TP,1,FP,19,search_time,5.468829500001448,hist_equal_clahe,precision,0.3,recall,0.03,TP,6,FP,14,search_time,8.21557099999336,CCV,precision,0.3,recall,0.03,TP,6,FP,14,search_time,13.184496599998965,CCV_hist,precision,0.3,recall,0.03,TP,6,FP,14,search_time,296.3585740999988
D:\Dokumenty\CBIR\CorelDBCleanInput\sc_mountain\114013.jpg,20,270,InceptionResNetV2,precision,0.025,recall,1.0,TP,270,FP,10530,search_time,7.067143100000976,histogram,precision,0.2,recall,0.014814814814814815,TP,4,FP,16,search_time,5.435661800001981, hist_norm,precision,0.2,recall,0.014814814814814815,TP,4,FP,16,search_time,5.352084800004377,hist_gray,precision,0.1,recall,0.007407407407407408,TP,2,FP,18,search_time,5.402993600000627,hist_gray_norm,precision,0.1,recall,0.007407407407407408,TP,2,FP,18,search_time,5.35417679999955,hist_gray_equal,precision,0.1,recall,0.007407407407407408,TP,2,FP,18,search_time,5.193330199996126,hist_equal,precision,0.1,recall,0.01,TP,2,FP,18,search_time,5.409322200001043,hist_gray_equal_clahe,precision,0.05,recall,0.01,TP,1,FP,19,search_time,5.353448499998194,hist_equal_clahe,precision,0.25,recall,0.018518518518518517,TP,5,FP,15,search_time,5.799017199999071,CCV,precision,0.1,recall,0.007407407407407408,TP,2,FP,18,search_time,16.334294799999043,CCV_hist,precision,0.1,recall,0.007407407407407408,TP,2,FP,18,search_time,304.9417074000012
D:\Dokumenty\CBIR\CorelDBCleanInput\sc_night\287048.jpg,20,100,InceptionResNetV2,precision,0.009259259259259259,recall,1.0,TP,100,FP,10700,search_time,6.829048400002648,histogram,precision,0.7,recall,0.14,TP,14,FP,6,search_time,6.028074399997422, hist_norm,precision,0.55,recall,0.11,TP,11,FP,9,search_time,5.423489599997993,hist_gray,precision,0.35,recall,0.07,TP,7,FP,13,search_time,5.37417610000557,hist_gray_norm,precision,0.4,recall,0.08,TP,8,FP,12,search_time,5.3625181000024895,hist_gray_equal,precision,0.15,recall,0.03,TP,3,FP,17,search_time,5.386425100004999,hist_equal,precision,0.3,recall,0.06,TP,6,FP,14,search_time,5.443610100002843,hist_gray_equal_clahe,precision,0.05,recall,0.005,TP,1,FP,19,search_time,5.288899500003026,hist_equal_clahe,precision,0.2,recall,0.04,TP,4,FP,16,search_time,6.023161499993876,CCV,precision,0.1,recall,0.02,TP,2,FP,18,search_time,27.673152099996514,CCV_hist,precision,0.1,recall,0.02,TP,2,FP,18,search_time,306.7629433999973
D:\Dokumenty\CBIR\CorelDBCleanInput\sc_rockform\407040.jpg,20,100,InceptionResNetV2,precision,0.009259259259259259,recall,1.0,TP,100,FP,10700,search_time,6.77496180000162,histogram,precision,0.65,recall,0.13,TP,13,FP,7,search_time,5.4450193000011495, hist_norm,precision,0.95,recall,0.19,TP,19,FP,1,search_time,5.321698199993989,hist_gray,precision,0.25,recall,0.05,TP,5,FP,15,search_time,5.4262999999991735,hist_gray_norm,precision,0.2,recall,0.04,TP,4,FP,16,search_time,5.439551399998891,hist_gray_equal,precision,0.05,recall,0.01,TP,1,FP,19,search_time,5.327780400002666,hist_equal,precision,0.05,recall,0.01,TP,1,FP,19,search_time,5.558375100001285,hist_gray_equal_clahe,precision,0.1,recall,0.02,TP,2,FP,18,search_time,5.271238000001176,hist_equal_clahe,precision,0.35,recall,0.07,TP,7,FP,13,search_time,5.683171900003799,CCV,precision,0.7,recall,0.14,TP,14,FP,6,search_time,10.687024799997744,CCV_hist,precision,0.7,recall,0.14,TP,14,FP,6,search_time,288.73554729999887
D:\Dokumenty\CBIR\CorelDBCleanInput\sc_rural\131069.jpg,20,100,InceptionResNetV2,precision,0.009259259259259259,recall,1.0,TP,100,FP,10700,search_time,6.78136639999866,histogram,precision,0.2,recall,0.04,TP,4,FP,16,search_time,5.483542900001339, hist_norm,precision,0.2,recall,0.04,TP,4,FP,16,search_time,5.436935199999425,hist_gray,precision,0.3,recall,0.06,TP,6,FP,14,search_time,5.371316600001592,hist_gray_norm,precision,0.3,recall,0.06,TP,6,FP,14,search_time,5.250141399999848,hist_gray_equal,precision,0.1,recall,0.02,TP,2,FP,18,search_time,5.315903099995921,hist_equal,precision,0.2,recall,0.04,TP,4,FP,16,search_time,5.450397599997814,hist_gray_equal_clahe,precision,0.15,recall,0.03,TP,3,FP,17,search_time,5.278370799998811,hist_equal_clahe,precision,0.1,recall,0.02,TP,2,FP,18,search_time,5.757726600000751,CCV,precision,0.1,recall,0.02,TP,2,FP,18,search_time,16.0494577999998,CCV_hist,precision,0.1,recall,0.02,TP,2,FP,18,search_time,291.995001700001
D:\Dokumenty\CBIR\CorelDBCleanInput\sc_sunset\345079.jpg,20,105,InceptionResNetV2,precision,0.009722222222222222,recall,1.0,TP,105,FP,10695,search_time,6.74492520000058,histogram,precision,0.05,recall,0.009523809523809525,TP,1,FP,19,search_time,5.434505899997021, hist_norm,precision,0.1,recall,0.01904761904761905,TP,2,FP,18,search_time,5.3604748000070686,hist_gray,precision,0.05,recall,0.009523809523809525,TP,1,FP,19,search_time,5.381207999998878,hist_gray_norm,precision,0.05,recall,0.009523809523809525,TP,1,FP,19,search_time,5.423424600005092,hist_gray_equal,precision,0.05,recall,0.009523809523809525,TP,1,FP,19,search_time,5.293968000005407,hist_equal,precision,0.25,recall,0.05,TP,5,FP,15,search_time,5.438147900000331,hist_gray_equal_clahe,precision,0.1,recall,0.013333333333333334,TP,2,FP,18,search_time,5.28204199999891,hist_equal_clahe,precision,0.05,recall,0.009523809523809525,TP,1,FP,19,search_time,5.759533500000543,CCV,precision,0.2,recall,0.0380952380952381,TP,4,FP,16,search_time,15.326239599999099,CCV_hist,precision,0.2,recall,0.0380952380952381,TP,4,FP,16,search_time,290.53128229999857
D:\Dokumenty\CBIR\CorelDBCleanInput\sc_waterfal\377044.jpg,20,117,InceptionResNetV2,precision,0.010833333333333334,recall,1.0,TP,117,FP,10683,search_time,7.037437900005898,histogram,precision,0.4,recall,0.06837606837606838,TP,8,FP,12,search_time,5.424193799997738, hist_norm,precision,0.4,recall,0.06837606837606838,TP,8,FP,12,search_time,5.392158599999675,hist_gray,precision,0.05,recall,0.008547008547008548,TP,1,FP,19,search_time,5.360182299998996,hist_gray_norm,precision,0.05,recall,0.008547008547008548,TP,1,FP,19,search_time,5.35884839999926,hist_gray_equal,precision,0.05,recall,0.008547008547008548,TP,1,FP,19,search_time,5.304504499996256,hist_equal,precision,0.15,recall,0.03,TP,3,FP,17,search_time,5.333328500004427,hist_gray_equal_clahe,precision,0.05,recall,0.01,TP,1,FP,19,search_time,5.2473834000047646,hist_equal_clahe,precision,0.15,recall,0.02564102564102564,TP,3,FP,17,search_time,5.364217200003623,CCV,precision,0.15,recall,0.02564102564102564,TP,3,FP,17,search_time,29.669658799997706,CCV_hist,precision,0.15,recall,0.02564102564102564,TP,3,FP,17,search_time,308.51797290000104
D:\Dokumenty\CBIR\CorelDBCleanInput\sc_waves\312076.jpg,20,100,InceptionResNetV2,precision,0.009259259259259259,recall,1.0,TP,100,FP,10700,search_time,6.878754499994102,histogram,precision,0.15,recall,0.03,TP,3,FP,17,search_time,5.621252699995239, hist_norm,precision,0.1,recall,0.02,TP,2,FP,18,search_time,5.359624699995038,hist_gray,precision,0.05,recall,0.01,TP,1,FP,19,search_time,5.359234800002014,hist_gray_norm,precision,0.05,recall,0.01,TP,1,FP,19,search_time,5.347577599997749,hist_gray_equal,precision,0.1,recall,0.02,TP,2,FP,18,search_time,5.357412999997905,hist_equal,precision,0.95,recall,0.19,TP,19,FP,1,search_time,5.6630629999999655,hist_gray_equal_clahe,precision,0.05,recall,0.01,TP,1,FP,19,search_time,5.301907099994423,hist_equal_clahe,precision,0.25,recall,0.05,TP,5,FP,15,search_time,5.922573800002283,CCV,precision,0.3,recall,0.06,TP,6,FP,14,search_time,12.443049900000915,CCV_hist,precision,0.3,recall,0.06,TP,6,FP,14,search_time,289.2562021000049
D:\Dokumenty\CBIR\CorelDBCleanInput\sp_ski\225094.jpg,20,100,InceptionResNetV2,precision,0.009259259259259259,recall,1.0,TP,100,FP,10700,search_time,6.67126200000348,histogram,precision,0.1,recall,0.02,TP,2,FP,18,search_time,5.428202999995847, hist_norm,precision,0.1,recall,0.02,TP,2,FP,18,search_time,5.649314100002812,hist_gray,precision,0.05,recall,0.01,TP,1,FP,19,search_time,5.357628600002499,hist_gray_norm,precision,0.05,recall,0.01,TP,1,FP,19,search_time,5.391712999997253,hist_gray_equal,precision,0.1,recall,0.02,TP,2,FP,18,search_time,5.3322317999991355,hist_equal,precision,0.35,recall,0.07,TP,7,FP,13,search_time,5.423699599996326,hist_gray_equal_clahe,precision,0.05,recall,0.01,TP,1,FP,19,search_time,5.244234800004051,hist_equal_clahe,precision,0.05,recall,0.01,TP,1,FP,19,search_time,5.759169500001008,CCV,precision,0.05,recall,0.01,TP,1,FP,19,search_time,14.883362699998543,CCV_hist,precision,0.05,recall,0.01,TP,1,FP,19,search_time,290.7291788000002
D:\Dokumenty\CBIR\CorelDBCleanInput\texture_1\186064.jpg,20,100,InceptionResNetV2,precision,0.009259259259259259,recall,1.0,TP,100,FP,10700,search_time,6.906702600004792,histogram,precision,0.3,recall,0.06,TP,6,FP,14,search_time,5.405693300002895, hist_norm,precision,0.35,recall,0.07,TP,7,FP,13,search_time,5.450313399996958,hist_gray,precision,0.2,recall,0.04,TP,4,FP,16,search_time,5.473267499997746,hist_gray_norm,precision,0.1,recall,0.02,TP,2,FP,18,search_time,5.574220199996489,hist_gray_equal,precision,0.05,recall,0.01,TP,1,FP,19,search_time,5.5371856999991,hist_equal,precision,0.35,recall,0.07,TP,7,FP,13,search_time,5.680389200002537,hist_gray_equal_clahe,precision,0.05,recall,0.01,TP,1,FP,19,search_time,5.525367700000061,hist_equal_clahe,precision,0.2,recall,0.04,TP,4,FP,16,search_time,5.725848000001861,CCV,precision,0.3,recall,0.06,TP,6,FP,14,search_time,10.31252410000161,CCV_hist,precision,0.3,recall,0.06,TP,6,FP,14,search_time,286.8935985999997
D:\Dokumenty\CBIR\CorelDBCleanInput\texture_2\546046.jpg,20,100,InceptionResNetV2,precision,0.009259259259259259,recall,1.0,TP,100,FP,10700,search_time,7.297214199999871,histogram,precision,1.0,recall,0.2,TP,20,FP,0,search_time,5.503848799999105, hist_norm,precision,1.0,recall,0.2,TP,20,FP,0,search_time,5.39785789999587,hist_gray,precision,0.2,recall,0.04,TP,4,FP,16,search_time,5.42807200000243,hist_gray_norm,precision,0.2,recall,0.04,TP,4,FP,16,search_time,5.334770100002061,hist_gray_equal,precision,0.1,recall,0.02,TP,2,FP,18,search_time,5.287391199999547,hist_equal,precision,0.75,recall,0.15,TP,15,FP,5,search_time,5.474322300004133,hist_gray_equal_clahe,precision,0.05,recall,0.004975124378109453,TP,1,FP,19,search_time,5.29620530000102,hist_equal_clahe,precision,0.85,recall,0.17,TP,17,FP,3,search_time,5.6945379999961006,CCV,precision,0.75,recall,0.15,TP,15,FP,5,search_time,13.365216500002134,CCV_hist,precision,0.75,recall,0.15,TP,15,FP,5,search_time,291.1730152000018
D:\Dokumenty\CBIR\CorelDBCleanInput\texture_3\473023.jpg,20,100,InceptionResNetV2,precision,0.009259259259259259,recall,1.0,TP,100,FP,10700,search_time,7.041773699995247,histogram,precision,0.1,recall,0.02,TP,2,FP,18,search_time,5.476686599999084, hist_norm,precision,0.1,recall,0.02,TP,2,FP,18,search_time,5.427008799997566,hist_gray,precision,0.05,recall,0.01,TP,1,FP,19,search_time,5.39983139999822,hist_gray_norm,precision,0.1,recall,0.02,TP,2,FP,18,search_time,5.437718400004087,hist_gray_equal,precision,0.05,recall,0.01,TP,1,FP,19,search_time,5.371422900003381,hist_equal,precision,0.15,recall,0.03,TP,3,FP,17,search_time,5.407580699997197,hist_gray_equal_clahe,precision,0.15,recall,0.03,TP,3,FP,17,search_time,5.305161799995403,hist_equal_clahe,precision,0.25,recall,0.05,TP,5,FP,15,search_time,5.390521799999988,CCV,precision,0.05,recall,0.01,TP,1,FP,19,search_time,15.209173300005205,CCV_hist,precision,0.05,recall,0.01,TP,1,FP,19,search_time,293.48114900000655
D:\Dokumenty\CBIR\CorelDBCleanInput\texture_4\350010.jpg,20,100,InceptionResNetV2,precision,0.009259259259259259,recall,1.0,TP,100,FP,10700,search_time,7.0295206000009784,histogram,precision,0.1,recall,0.02,TP,2,FP,18,search_time,5.461593899999571, hist_norm,precision,0.1,recall,0.02,TP,2,FP,18,search_time,5.40551730000152,hist_gray,precision,0.05,recall,0.01,TP,1,FP,19,search_time,5.4464309999966645,hist_gray_norm,precision,0.05,recall,0.01,TP,1,FP,19,search_time,5.4293079000053694,hist_gray_equal,precision,0.05,recall,0.01,TP,1,FP,19,search_time,5.3764846999984,hist_equal,precision,0.2,recall,0.04,TP,4,FP,16,search_time,5.468972800001211,hist_gray_equal_clahe,precision,0.2,recall,0.04,TP,4,FP,16,search_time,5.309932600001048,hist_equal_clahe,precision,0.2,recall,0.04,TP,4,FP,16,search_time,5.422099099996558,CCV,precision,0.2,recall,0.04,TP,4,FP,16,search_time,19.252941300001112,CCV_hist,precision,0.2,recall,0.04,TP,4,FP,16,search_time,297.1442873999986
D:\Dokumenty\CBIR\CorelDBCleanInput\texture_5\343068.jpg,20,100,InceptionResNetV2,precision,0.009259259259259259,recall,1.0,TP,100,FP,10700,search_time,6.829564199993911,histogram,precision,0.2,recall,0.04,TP,4,FP,16,search_time,5.437264300002425, hist_norm,precision,0.2,recall,0.04,TP,4,FP,16,search_time,5.398642200001632,hist_gray,precision,0.05,recall,0.01,TP,1,FP,19,search_time,5.386241299995163,hist_gray_norm,precision,0.1,recall,0.02,TP,2,FP,18,search_time,5.433695500003523,hist_gray_equal,precision,0.05,recall,0.01,TP,1,FP,19,search_time,5.316236699996807,hist_equal,precision,0.3,recall,0.06,TP,6,FP,14,search_time,5.420512400000007,hist_gray_equal_clahe,precision,0.05,recall,0.01,TP,1,FP,19,search_time,5.2843315999998595,hist_equal_clahe,precision,0.15,recall,0.03,TP,3,FP,17,search_time,5.4110837999978685,CCV,precision,0.1,recall,0.02,TP,2,FP,18,search_time,14.955745699997351,CCV_hist,precision,0.1,recall,0.02,TP,2,FP,18,search_time,289.9284017999962
D:\Dokumenty\CBIR\CorelDBCleanInput\texture_6\817022.jpg,20,100,InceptionResNetV2,precision,0.009259259259259259,recall,1.0,TP,100,FP,10700,search_time,6.908872700005304,histogram,precision,0.85,recall,0.17,TP,17,FP,3,search_time,5.470162599995092, hist_norm,precision,0.85,recall,0.17,TP,17,FP,3,search_time,5.4008993999959785,hist_gray,precision,0.15,recall,0.03,TP,3,FP,17,search_time,5.394692900001246,hist_gray_norm,precision,0.15,recall,0.03,TP,3,FP,17,search_time,5.407374499998696,hist_gray_equal,precision,0.05,recall,0.01,TP,1,FP,19,search_time,5.388180300004024,hist_equal,precision,0.65,recall,0.13,TP,13,FP,7,search_time,5.505062500000349,hist_gray_equal_clahe,precision,0.05,recall,0.01,TP,1,FP,19,search_time,5.375690599998052,hist_equal_clahe,precision,0.7,recall,0.14,TP,14,FP,6,search_time,5.971138700006122,CCV,precision,0.7,recall,0.14,TP,14,FP,6,search_time,12.45160770000075,CCV_hist,precision,0.7,recall,0.14,TP,14,FP,6,search_time,288.53919390000374
D:\Dokumenty\CBIR\CorelDBCleanInput\wl_buttrfly\432025.jpg,20,200,InceptionResNetV2,precision,0.018518518518518517,recall,1.0,TP,200,FP,10600,search_time,7.059368299997004,histogram,precision,0.35,recall,0.035,TP,7,FP,13,search_time,5.442584900003567, hist_norm,precision,0.35,recall,0.035,TP,7,FP,13,search_time,5.430647400004091,hist_gray,precision,0.2,recall,0.02,TP,4,FP,16,search_time,5.419933900004253,hist_gray_norm,precision,0.25,recall,0.025,TP,5,FP,15,search_time,5.399308600004588,hist_gray_equal,precision,0.1,recall,0.01,TP,2,FP,18,search_time,5.366841600000043,hist_equal,precision,0.2,recall,0.02,TP,4,FP,16,search_time,5.547682900003565,hist_gray_equal_clahe,precision,0.05,recall,0.01,TP,1,FP,19,search_time,5.310335200003465,hist_equal_clahe,precision,0.15,recall,0.015,TP,3,FP,17,search_time,5.578773000001092,CCV,precision,0.2,recall,0.02,TP,4,FP,16,search_time,21.079021600002307,CCV_hist,precision,0.2,recall,0.02,TP,4,FP,16,search_time,297.74581639999815
D:\Dokumenty\CBIR\CorelDBCleanInput\wl_cat\326068.jpg,20,100,InceptionResNetV2,precision,0.009259259259259259,recall,1.0,TP,100,FP,10700,search_time,7.020408299998962,histogram,precision,0.1,recall,0.02,TP,2,FP,18,search_time,5.428573700002744, hist_norm,precision,0.05,recall,0.01,TP,1,FP,19,search_time,5.435445900002378,hist_gray,precision,0.1,recall,0.02,TP,2,FP,18,search_time,5.446538700001838,hist_gray_norm,precision,0.1,recall,0.02,TP,2,FP,18,search_time,5.372040199996263,hist_gray_equal,precision,0.05,recall,0.01,TP,1,FP,19,search_time,5.37672780000139,hist_equal,precision,0.05,recall,0.01,TP,1,FP,19,search_time,5.5420369999992545,hist_gray_equal_clahe,precision,0.05,recall,0.01,TP,1,FP,19,search_time,5.3209311999962665,hist_equal_clahe,precision,0.05,recall,0.01,TP,1,FP,19,search_time,5.756238200003281,CCV,precision,0.1,recall,0.02,TP,2,FP,18,search_time,16.868434800002433,CCV_hist,precision,0.1,recall,0.02,TP,2,FP,18,search_time,295.5075080000024
D:\Dokumenty\CBIR\CorelDBCleanInput\wl_cougr\136057.jpg,20,100,InceptionResNetV2,precision,0.009259259259259259,recall,1.0,TP,100,FP,10700,search_time,7.032631000001857,histogram,precision,0.2,recall,0.04,TP,4,FP,16,search_time,5.408890400001837, hist_norm,precision,0.2,recall,0.04,TP,4,FP,16,search_time,5.461726000001363,hist_gray,precision,0.05,recall,0.01,TP,1,FP,19,search_time,5.389883499999996,hist_gray_norm,precision,0.05,recall,0.01,TP,1,FP,19,search_time,5.397938800000702,hist_gray_equal,precision,0.05,recall,0.01,TP,1,FP,19,search_time,5.404905799994594,hist_equal,precision,0.45,recall,0.09,TP,9,FP,11,search_time,5.579969300000812,hist_gray_equal_clahe,precision,0.2,recall,0.01,TP,4,FP,16,search_time,5.298886199998378,hist_equal_clahe,precision,0.1,recall,0.02,TP,2,FP,18,search_time,5.739648700000544,CCV,precision,0.1,recall,0.02,TP,2,FP,18,search_time,15.035906900004193,CCV_hist,precision,0.1,recall,0.02,TP,2,FP,18,search_time,295.9118168999994
D:\Dokumenty\CBIR\CorelDBCleanInput\wl_deer\104085.jpg,20,200,InceptionResNetV2,precision,0.018518518518518517,recall,1.0,TP,200,FP,10600,search_time,6.769871299999068,histogram,precision,0.1,recall,0.01,TP,2,FP,18,search_time,5.494696400004614, hist_norm,precision,0.05,recall,0.005,TP,1,FP,19,search_time,5.502235400002974,hist_gray,precision,0.2,recall,0.02,TP,4,FP,16,search_time,5.505569699998887,hist_gray_norm,precision,0.2,recall,0.02,TP,4,FP,16,search_time,5.445458599999256,hist_gray_equal,precision,0.1,recall,0.01,TP,2,FP,18,search_time,5.3927179999955115,hist_equal,precision,0.1,recall,0.019417475728155338,TP,2,FP,18,search_time,5.5155180000001565,hist_gray_equal_clahe,precision,0.05,recall,0.008547008547008548,TP,1,FP,19,search_time,5.361939299997175,hist_equal_clahe,precision,0.15,recall,0.015,TP,3,FP,17,search_time,5.703633700002683,CCV,precision,0.1,recall,0.01,TP,2,FP,18,search_time,14.669370499999786,CCV_hist,precision,0.1,recall,0.01,TP,2,FP,18,search_time,291.5582011000006
D:\Dokumenty\CBIR\CorelDBCleanInput\wl_eagle\135028.jpg,20,100,InceptionResNetV2,precision,0.009259259259259259,recall,1.0,TP,100,FP,10700,search_time,6.770472299998801,histogram,precision,0.95,recall,0.19,TP,19,FP,1,search_time,5.533359799999744, hist_norm,precision,0.95,recall,0.19,TP,19,FP,1,search_time,5.6259940000018105,hist_gray,precision,0.15,recall,0.03,TP,3,FP,17,search_time,5.406106300004467,hist_gray_norm,precision,0.3,recall,0.06,TP,6,FP,14,search_time,5.403367099999741,hist_gray_equal,precision,0.1,recall,0.02,TP,2,FP,18,search_time,5.30955510000058,hist_equal,precision,0.05,recall,0.01,TP,1,FP,19,search_time,5.417561900001601,hist_gray_equal_clahe,precision,0.05,recall,0.006666666666666667,TP,1,FP,19,search_time,5.315919900000154,hist_equal_clahe,precision,0.9,recall,0.18,TP,18,FP,2,search_time,5.830165899998974,CCV,precision,0.8,recall,0.16,TP,16,FP,4,search_time,27.238757699997223,CCV_hist,precision,0.8,recall,0.16,TP,16,FP,4,search_time,305.2453441000034
D:\Dokumenty\CBIR\CorelDBCleanInput\wl_elephant\107050.jpg,20,100,InceptionResNetV2,precision,0.009259259259259259,recall,1.0,TP,100,FP,10700,search_time,6.928208000004815,histogram,precision,0.2,recall,0.04,TP,4,FP,16,search_time,5.516357000000426, hist_norm,precision,0.2,recall,0.04,TP,4,FP,16,search_time,5.4235461999996915,hist_gray,precision,0.15,recall,0.03,TP,3,FP,17,search_time,5.643225700005132,hist_gray_norm,precision,0.1,recall,0.02,TP,2,FP,18,search_time,5.5544451999958255,hist_gray_equal,precision,0.05,recall,0.01,TP,1,FP,19,search_time,5.605431399999361,hist_equal,precision,0.3,recall,0.06,TP,6,FP,14,search_time,5.787357500004873,hist_gray_equal_clahe,precision,0.15,recall,0.0075,TP,3,FP,17,search_time,5.569078400003491,hist_equal_clahe,precision,0.1,recall,0.02,TP,2,FP,18,search_time,5.844760799998767,CCV,precision,0.15,recall,0.03,TP,3,FP,17,search_time,14.672088300001633,CCV_hist,precision,0.15,recall,0.03,TP,3,FP,17,search_time,291.3479013000033
D:\Dokumenty\CBIR\CorelDBCleanInput\wl_fish\141070.jpg,20,150,InceptionResNetV2,precision,0.013888888888888888,recall,1.0,TP,150,FP,10650,search_time,7.004461699994863,histogram,precision,0.1,recall,0.013333333333333334,TP,2,FP,18,search_time,5.493174700000964, hist_norm,precision,0.1,recall,0.013333333333333334,TP,2,FP,18,search_time,5.4502141999983,hist_gray,precision,0.15,recall,0.02,TP,3,FP,17,search_time,5.457046999996237,hist_gray_norm,precision,0.15,recall,0.02,TP,3,FP,17,search_time,5.432434100002865,hist_gray_equal,precision,0.15,recall,0.02,TP,3,FP,17,search_time,5.510651999997208,hist_equal,precision,0.3,recall,0.06,TP,6,FP,14,search_time,5.706040099998063,hist_gray_equal_clahe,precision,0.1,recall,0.02,TP,2,FP,18,search_time,5.417580400004226,hist_equal_clahe,precision,0.05,recall,0.006666666666666667,TP,1,FP,19,search_time,6.831212099998083,CCV,precision,0.1,recall,0.013333333333333334,TP,2,FP,18,search_time,14.631347199996526,CCV_hist,precision,0.1,recall,0.013333333333333334,TP,2,FP,18,search_time,295.81695690000197
D:\Dokumenty\CBIR\CorelDBCleanInput\wl_fox\109028.jpg,20,100,InceptionResNetV2,precision,0.009259259259259259,recall,1.0,TP,100,FP,10700,search_time,7.094546500004071,histogram,precision,0.05,recall,0.01,TP,1,FP,19,search_time,5.494456500004162, hist_norm,precision,0.05,recall,0.01,TP,1,FP,19,search_time,5.387659500003792,hist_gray,precision,0.1,recall,0.02,TP,2,FP,18,search_time,5.351375699996424,hist_gray_norm,precision,0.05,recall,0.01,TP,1,FP,19,search_time,5.39460279999912,hist_gray_equal,precision,0.05,recall,0.01,TP,1,FP,19,search_time,5.387281099996471,hist_equal,precision,0.35,recall,0.07,TP,7,FP,13,search_time,5.448644500000228,hist_gray_equal_clahe,precision,0.05,recall,0.01,TP,1,FP,19,search_time,5.273936999998114,hist_equal_clahe,precision,0.05,recall,0.01,TP,1,FP,19,search_time,5.730064600000333,CCV,precision,0.05,recall,0.01,TP,1,FP,19,search_time,13.431189700000687,CCV_hist,precision,0.05,recall,0.01,TP,1,FP,19,search_time,289.9892980000004
D:\Dokumenty\CBIR\CorelDBCleanInput\wl_goat\168022.jpg,20,100,InceptionResNetV2,precision,0.009259259259259259,recall,1.0,TP,100,FP,10700,search_time,6.974675899997237,histogram,precision,0.15,recall,0.03,TP,3,FP,17,search_time,5.464557200000854, hist_norm,precision,0.15,recall,0.03,TP,3,FP,17,search_time,5.445870800002012,hist_gray,precision,0.05,recall,0.01,TP,1,FP,19,search_time,5.431565400002,hist_gray_norm,precision,0.05,recall,0.01,TP,1,FP,19,search_time,5.4022879999974975,hist_gray_equal,precision,0.1,recall,0.02,TP,2,FP,18,search_time,5.342087899996841,hist_equal,precision,0.4,recall,0.08,TP,8,FP,12,search_time,5.539277199997741,hist_gray_equal_clahe,precision,0.05,recall,0.01,TP,1,FP,19,search_time,5.278843000000052,hist_equal_clahe,precision,0.1,recall,0.02,TP,2,FP,18,search_time,5.656287499994505,CCV,precision,0.25,recall,0.05,TP,5,FP,15,search_time,18.904572900006315,CCV_hist,precision,0.25,recall,0.05,TP,5,FP,15,search_time,294.14315600000555
D:\Dokumenty\CBIR\CorelDBCleanInput\wl_horse\113033.jpg,20,100,InceptionResNetV2,precision,0.009259259259259259,recall,1.0,TP,100,FP,10700,search_time,6.997172399998817,histogram,precision,0.45,recall,0.09,TP,9,FP,11,search_time,5.399226100002124, hist_norm,precision,0.5,recall,0.1,TP,10,FP,10,search_time,5.444831499997235,hist_gray,precision,0.4,recall,0.08,TP,8,FP,12,search_time,5.43105210000067,hist_gray_norm,precision,0.4,recall,0.08,TP,8,FP,12,search_time,5.411867400005576,hist_gray_equal,precision,0.05,recall,0.01,TP,1,FP,19,search_time,5.410126900002069,hist_equal,precision,0.35,recall,0.035,TP,7,FP,13,search_time,5.425598399997398,hist_gray_equal_clahe,precision,0.05,recall,0.01,TP,1,FP,19,search_time,5.295873700000811,hist_equal_clahe,precision,0.05,recall,0.01,TP,1,FP,19,search_time,5.400231400002667,CCV,precision,0.05,recall,0.01,TP,1,FP,19,search_time,20.458941199998662,CCV_hist,precision,0.05,recall,0.01,TP,1,FP,19,search_time,297.40397179999854
D:\Dokumenty\CBIR\CorelDBCleanInput\wl_lepoad\134023.jpg,20,100,InceptionResNetV2,precision,0.009259259259259259,recall,1.0,TP,100,FP,10700,search_time,7.027786899998318,histogram,precision,0.25,recall,0.05,TP,5,FP,15,search_time,5.50301639999816, hist_norm,precision,0.25,recall,0.05,TP,5,FP,15,search_time,5.4856427000049734,hist_gray,precision,0.1,recall,0.02,TP,2,FP,18,search_time,5.411042300002009,hist_gray_norm,precision,0.05,recall,0.01,TP,1,FP,19,search_time,5.366514599998482,hist_gray_equal,precision,0.05,recall,0.01,TP,1,FP,19,search_time,5.430900599996676,hist_equal,precision,0.05,recall,0.0025,TP,1,FP,19,search_time,5.485184900004242,hist_gray_equal_clahe,precision,0.05,recall,0.008547008547008548,TP,1,FP,19,search_time,5.410473399999319,hist_equal_clahe,precision,0.45,recall,0.09,TP,9,FP,11,search_time,5.760440999998536,CCV,precision,0.15,recall,0.03,TP,3,FP,17,search_time,14.732729700001073,CCV_hist,precision,0.15,recall,0.03,TP,3,FP,17,search_time,291.6407393000045
D:\Dokumenty\CBIR\CorelDBCleanInput\wl_lion\105033.jpg,20,100,InceptionResNetV2,precision,0.009259259259259259,recall,1.0,TP,100,FP,10700,search_time,7.048344799994084,histogram,precision,0.05,recall,0.01,TP,1,FP,19,search_time,5.5227085999940755, hist_norm,precision,0.05,recall,0.01,TP,1,FP,19,search_time,5.426882600004319,hist_gray,precision,0.05,recall,0.01,TP,1,FP,19,search_time,5.398664400003327,hist_gray_norm,precision,0.05,recall,0.01,TP,1,FP,19,search_time,5.465169800001604,hist_gray_equal,precision,0.05,recall,0.01,TP,1,FP,19,search_time,5.381891899996845,hist_equal,precision,0.55,recall,0.11,TP,11,FP,9,search_time,5.587139399998705,hist_gray_equal_clahe,precision,0.05,recall,0.01,TP,1,FP,19,search_time,5.347745699997176,hist_equal_clahe,precision,0.05,recall,0.01,TP,1,FP,19,search_time,5.771817799999553,CCV,precision,0.1,recall,0.02,TP,2,FP,18,search_time,19.80071379999572,CCV_hist,precision,0.1,recall,0.02,TP,2,FP,18,search_time,296.51253340000403
D:\Dokumenty\CBIR\CorelDBCleanInput\wl_lizard\175016.jpg,20,100,InceptionResNetV2,precision,0.009259259259259259,recall,1.0,TP,100,FP,10700,search_time,6.82095510000363,histogram,precision,0.15,recall,0.03,TP,3,FP,17,search_time,5.484825900006399, hist_norm,precision,0.15,recall,0.03,TP,3,FP,17,search_time,5.417121899998165,hist_gray,precision,0.1,recall,0.02,TP,2,FP,18,search_time,5.402440900004876,hist_gray_norm,precision,0.05,recall,0.01,TP,1,FP,19,search_time,5.531648800002586,hist_gray_equal,precision,0.05,recall,0.01,TP,1,FP,19,search_time,5.4361458999992465,hist_equal,precision,0.1,recall,0.02,TP,2,FP,18,search_time,5.728582100004132,hist_gray_equal_clahe,precision,0.05,recall,0.01,TP,1,FP,19,search_time,5.401184399997874,hist_equal_clahe,precision,0.25,recall,0.05,TP,5,FP,15,search_time,5.758526300000085,CCV,precision,0.05,recall,0.01,TP,1,FP,19,search_time,17.30767509999714,CCV_hist,precision,0.05,recall,0.01,TP,1,FP,19,search_time,294.5817188000001
D:\Dokumenty\CBIR\CorelDBCleanInput\wl_nests\163011.jpg,20,100,InceptionResNetV2,precision,0.009259259259259259,recall,1.0,TP,100,FP,10700,search_time,6.898997099997359,histogram,precision,0.25,recall,0.05,TP,5,FP,15,search_time,5.4093811999991885, hist_norm,precision,0.3,recall,0.06,TP,6,FP,14,search_time,5.4773802000054275,hist_gray,precision,0.05,recall,0.01,TP,1,FP,19,search_time,5.480262099998072,hist_gray_norm,precision,0.05,recall,0.01,TP,1,FP,19,search_time,5.3982115000035265,hist_gray_equal,precision,0.15,recall,0.03,TP,3,FP,17,search_time,5.385886600000958,hist_equal,precision,0.1,recall,0.02,TP,2,FP,18,search_time,5.5096522999956505,hist_gray_equal_clahe,precision,0.05,recall,0.01,TP,1,FP,19,search_time,5.3232826000021305,hist_equal_clahe,precision,0.1,recall,0.02,TP,2,FP,18,search_time,5.779282800001965,CCV,precision,0.3,recall,0.06,TP,6,FP,14,search_time,13.431225799999083,CCV_hist,precision,0.3,recall,0.06,TP,6,FP,14,search_time,288.80723930000386
D:\Dokumenty\CBIR\CorelDBCleanInput\wl_owls\75048.jpg,20,100,InceptionResNetV2,precision,0.009259259259259259,recall,1.0,TP,100,FP,10700,search_time,6.750735599998734,histogram,precision,0.7,recall,0.14,TP,14,FP,6,search_time,5.449544199997035, hist_norm,precision,0.65,recall,0.13,TP,13,FP,7,search_time,5.589298000006238,hist_gray,precision,0.25,recall,0.05,TP,5,FP,15,search_time,5.418821100000059,hist_gray_norm,precision,0.2,recall,0.04,TP,4,FP,16,search_time,5.352006200002506,hist_gray_equal,precision,0.15,recall,0.03,TP,3,FP,17,search_time,5.4277070999960415,hist_equal,precision,0.05,recall,0.01,TP,1,FP,19,search_time,5.448483399995894,hist_gray_equal_clahe,precision,0.05,recall,0.01,TP,1,FP,19,search_time,5.334777299998677,hist_equal_clahe,precision,0.3,recall,0.06,TP,6,FP,14,search_time,5.798685800000385,CCV,precision,0.8,recall,0.16,TP,16,FP,4,search_time,31.786976999996114,CCV_hist,precision,0.8,recall,0.16,TP,16,FP,4,search_time,307.6052228999979
D:\Dokumenty\CBIR\CorelDBCleanInput\wl_porp\314009.jpg,20,100,InceptionResNetV2,precision,0.009259259259259259,recall,1.0,TP,100,FP,10700,search_time,7.0654160999984015,histogram,precision,0.1,recall,0.02,TP,2,FP,18,search_time,5.526805499997863, hist_norm,precision,0.05,recall,0.01,TP,1,FP,19,search_time,5.371641900004761,hist_gray,precision,0.05,recall,0.01,TP,1,FP,19,search_time,5.914439300002414,hist_gray_norm,precision,0.05,recall,0.01,TP,1,FP,19,search_time,5.699369100002514,hist_gray_equal,precision,0.05,recall,0.01,TP,1,FP,19,search_time,5.568678600000567,hist_equal,precision,0.2,recall,0.014814814814814815,TP,4,FP,16,search_time,5.723192799996468,hist_gray_equal_clahe,precision,0.1,recall,0.02,TP,2,FP,18,search_time,5.664840999997978,hist_equal_clahe,precision,0.05,recall,0.01,TP,1,FP,19,search_time,5.881060699997761,CCV,precision,0.1,recall,0.02,TP,2,FP,18,search_time,44.07815649999975,CCV_hist,precision,0.1,recall,0.02,TP,2,FP,18,search_time,319.40118939999957
D:\Dokumenty\CBIR\CorelDBCleanInput\wl_primates\49061.jpg,20,100,InceptionResNetV2,precision,0.009259259259259259,recall,1.0,TP,100,FP,10700,search_time,7.0457122000007075,histogram,precision,0.55,recall,0.11,TP,11,FP,9,search_time,5.486598599993158, hist_norm,precision,0.5,recall,0.1,TP,10,FP,10,search_time,5.424023799998395,hist_gray,precision,0.1,recall,0.02,TP,2,FP,18,search_time,5.392228200005775,hist_gray_norm,precision,0.05,recall,0.01,TP,1,FP,19,search_time,5.41928850000113,hist_gray_equal,precision,0.15,recall,0.03,TP,3,FP,17,search_time,5.388912700000219,hist_equal,precision,0.15,recall,0.03,TP,3,FP,17,search_time,5.488174099999014,hist_gray_equal_clahe,precision,0.1,recall,0.017543859649122806,TP,2,FP,18,search_time,5.312224000001152,hist_equal_clahe,precision,0.05,recall,0.01,TP,1,FP,19,search_time,5.786368599998241,CCV,precision,0.05,recall,0.01,TP,1,FP,19,search_time,28.465394200000446,CCV_hist,precision,0.05,recall,0.01,TP,1,FP,19,search_time,304.21023140000034
D:\Dokumenty\CBIR\CorelDBCleanInput\wl_roho\112049.jpg,20,100,InceptionResNetV2,precision,0.009259259259259259,recall,1.0,TP,100,FP,10700,search_time,6.941029400004481,histogram,precision,0.15,recall,0.03,TP,3,FP,17,search_time,5.678287099995941, hist_norm,precision,0.15,recall,0.03,TP,3,FP,17,search_time,5.720178999996278,hist_gray,precision,0.05,recall,0.01,TP,1,FP,19,search_time,5.5347652999989805,hist_gray_norm,precision,0.1,recall,0.02,TP,2,FP,18,search_time,5.4385817000002135,hist_gray_equal,precision,0.05,recall,0.01,TP,1,FP,19,search_time,5.569424000001163,hist_equal,precision,0.2,recall,0.04,TP,4,FP,16,search_time,5.664487000001827,hist_gray_equal_clahe,precision,0.05,recall,0.01,TP,1,FP,19,search_time,5.487751499997103,hist_equal_clahe,precision,0.05,recall,0.01,TP,1,FP,19,search_time,5.883296100000734,CCV,precision,0.2,recall,0.04,TP,4,FP,16,search_time,11.91405439999653,CCV_hist,precision,0.2,recall,0.04,TP,4,FP,16,search_time,289.26278340000135
D:\Dokumenty\CBIR\CorelDBCleanInput\wl_tiger\108079.jpg,20,100,InceptionResNetV2,precision,0.009259259259259259,recall,1.0,TP,100,FP,10700,search_time,9.497242500001448,histogram,precision,0.3,recall,0.06,TP,6,FP,14,search_time,5.437371499996516, hist_norm,precision,0.25,recall,0.05,TP,5,FP,15,search_time,5.424008400004823,hist_gray,precision,0.25,recall,0.05,TP,5,FP,15,search_time,5.384682600000815,hist_gray_norm,precision,0.2,recall,0.04,TP,4,FP,16,search_time,5.450440799999342,hist_gray_equal,precision,0.05,recall,0.01,TP,1,FP,19,search_time,5.718746099999407,hist_equal,precision,0.05,recall,0.01,TP,1,FP,19,search_time,5.829852700000629,hist_gray_equal_clahe,precision,0.05,recall,0.0025,TP,1,FP,19,search_time,5.70802299999923,hist_equal_clahe,precision,0.3,recall,0.06,TP,6,FP,14,search_time,6.1077244999978575,CCV,precision,0.25,recall,0.05,TP,5,FP,15,search_time,15.533582899995963,CCV_hist,precision,0.25,recall,0.05,TP,5,FP,15,search_time,290.4107492999974
D:\Dokumenty\CBIR\CorelDBCleanInput\wl_wolf\110009.jpg,20,100,InceptionResNetV2,precision,0.009259259259259259,recall,1.0,TP,100,FP,10700,search_time,6.962276099999144,histogram,precision,0.1,recall,0.02,TP,2,FP,18,search_time,5.446450800001912, hist_norm,precision,0.15,recall,0.03,TP,3,FP,17,search_time,5.486278199998196,hist_gray,precision,0.15,recall,0.03,TP,3,FP,17,search_time,5.430114199996751,hist_gray_norm,precision,0.25,recall,0.05,TP,5,FP,15,search_time,5.393763799998851,hist_gray_equal,precision,0.05,recall,0.01,TP,1,FP,19,search_time,5.386052300003939,hist_equal,precision,0.35,recall,0.07,TP,7,FP,13,search_time,5.48690329999954,hist_gray_equal_clahe,precision,0.05,recall,0.01,TP,1,FP,19,search_time,5.349976500001503,hist_equal_clahe,precision,0.25,recall,0.05,TP,5,FP,15,search_time,5.712393100002373,CCV,precision,0.25,recall,0.05,TP,5,FP,15,search_time,14.910693000005267,CCV_hist,precision,0.25,recall,0.05,TP,5,FP,15,search_time,290.9259286000015
D:\Dokumenty\CBIR\CorelDBCleanInput\woman\198058.jpg,20,550,InceptionResNetV2,precision,0.05092592592592592,recall,1.0,TP,550,FP,10250,search_time,6.733296999998856,histogram,precision,0.15,recall,0.005454545454545455,TP,3,FP,17,search_time,5.429950999998255, hist_norm,precision,0.15,recall,0.005454545454545455,TP,3,FP,17,search_time,5.49200149999524,hist_gray,precision,0.1,recall,0.0036363636363636364,TP,2,FP,18,search_time,5.391769900001236,hist_gray_norm,precision,0.1,recall,0.0036363636363636364,TP,2,FP,18,search_time,5.4240263999963645,hist_gray_equal,precision,0.1,recall,0.0036363636363636364,TP,2,FP,18,search_time,5.465447000002314,hist_equal,precision,0.05,recall,0.009708737864077669,TP,1,FP,19,search_time,5.446704200003296,hist_gray_equal_clahe,precision,0.05,recall,0.01,TP,1,FP,19,search_time,5.358210099999269,hist_equal_clahe,precision,0.25,recall,0.00909090909090909,TP,5,FP,15,search_time,5.441378399998939,CCV,precision,0.25,recall,0.00909090909090909,TP,5,FP,15,search_time,13.855504099999962,CCV_hist,precision,0.25,recall,0.00909090909090909,TP,5,FP,15,search_time,289.39453890000004
